ID,Name,Rating,1stWk Box,Total Box
1182552,红海行动,9.4,30,46501
344990,唐人街探案2,9.0,99048,339765
1200486,我不是药神,9.7,4,123688
248170,复仇者联盟3：无限战争,8.9,127148,238863
346272,捉妖记2,8.2,120446,223710
341628,侏罗纪世界2,8.6,13,73435
344929,前任3：再见前任,9.2,28359,194188
341178,头号玩家,9.0,39063,139652
343720,后来的我们,8.3,56241,136106
341624,狂暴巨兽,9.0,35013,100354
1208942,超时空同居,8.7,23525,89898
71946,无问西东,8.6,13887,75430
1208122,神秘巨星,9.4,17514,74705
338463,西游记女儿国,7.8,33149,72741
341138,黑豹,8.2,42286,66249
78460,环太平洋：雷霆再起,8.0,41157,63320
1211482,熊出没·变形记,9.1,92,20858
248566,邪不压正,7.4,8,31510
1203528,摩天营救,9.2,3,32871
1212592,西虹市首富,9.3,1,暂无
1198178,动物世界,8.5,16,23297
257739,古墓丽影：源起之战,8.2,26274,49746
341897,勇敢者游戏：决战丛林,8.6,25835,49193
1217637,厉害了，我的国,9.6,53,9296
346637,幕后玩家,8.3,9515,35847
338385,超人总动员2,9.0,11,13720
248639,移动迷宫3：死亡解药,7.8,14597,31525
343136,小萝莉的猴神大叔,9.5,5409,28557
247948,星球大战：最后的绝地武士,7.8,18657,26794
1170264,芳华,9.1,29432,142299
338493,南极之恋,8.9,8047,23449
1203554,寂静之地,7.6,11310,22064
881837,起跑线,9.0,13479,21037
1207042,哆啦A梦：大雄的金银岛,8.2,15722,20894
341516,狄仁杰之四大天王,8.2,2,暂无
1139994,猛虫过江,8.1,70,6630
672130,奇迹男孩,9.2,5467,19151
828745,公牛历险记,9.1,5991,17201
1211538,祖宗十九代,7.6,4948,16985
343762,比得兔,9.0,8014,16836
1220713,新大头儿子和小头爸爸3：俄罗斯奇遇记,8.6,7,7036
368135,二代妖精之今生有幸,8.6,16915,29224
1200984,妖铃铃,6.7,25104,36316
344950,21克拉,8.3,6330,11011
341944,游侠索罗：星球大战外传,8.1,6314,10617
1204622,水形物语,8.0,6772,10542
246714,马戏之王,8.9,4802,10125
672164,幸福马上来,7.2,10,4572
1199331,厕所英雄,8.4,5855,9457
1197181,金蝉脱壳2,5.7,40,7090
342791,巴霍巴利王2：终结,8.8,4910,7676
341941,冰雪女王3：火与冰,8.4,60,4316
1216914,潜艇总动员：海底两万里,8.3,59,5921
1208008,泄密者,8.0,3426,7082
343945,解忧杂货店,8.5,14360,22316
1203310,龙虾刑警,7.6,4485,6879
338426,湮灭,7.3,3837,6607
342754,三块广告牌,8.6,1502,6498
247083,闺蜜2,6.4,4962,6434
1048288,英雄本色2018,7.9,5067,6307
345862,妖猫传,7.4,24327,53026
1204714,忌日快乐,8.3,1665,6126
342068,寻梦环游记,9.6,11869,121236
345991,暴裂无声,8.1,3587,5425
367738,完美陌生人,8.5,1841,5341
1200045,深海越狱,6.8,4071,5132
1200978,遇见你真好,8.0,3370,5101
346096,阿修罗,6.4,63,4856
344771,谜巢,6.9,3955,4950
1208748,小马宝莉大电影,8.7,1698,4681
342900,通勤营救,8.4,2608,4540
1199188,犬之岛,7.9,2605,4352
338400,神奇马戏团之动物饼干,8.3,5,2518
1209260,卧底巨星,6.6,3359,3928
345013,战神纪,6.7,1981,3806
1204720,妈妈咪鸭,8.7,2131,3723
1206839,我是你妈,8.3,2465,3680
344162,脱单告急,8.5,2301,3502
1198439,低压槽：欲望之城,7.2,1797,3489
343176,奇葩朵朵,8.1,2669,3021
1203768,浪矢解忧杂货店,8.4,1680,2876
1212533,金龟子,8.5,1085,2771
257454,第七个小矮人,8.6,1233,2549
1212787,坏爸爸,8.3,1453,2448
1213193,猫与桃花源,8.6,1709,2180
1199029,玛丽与魔女之花,8.2,597,2061
528054,青年马克思,8.5,33,50
1217650,魔镜奇缘2,7.7,93,1653
11237,阿飞正传,8.7,38,1419
1199446,泡芙小姐,7.3,1320,1934
344453,整形师·脸,6.8,175,2289
1201381,恋爱回旋,8.7,1147,1854
410641,我说的都是真的,7.8,1144,1784
1180993,花滑女王,8.6,1337,1717
1211063,太空救援,8.3,1183,1686
344742,完美有多美,7.2,608,2502
337191,妄想症,5.8,77,1824
1212413,大坏狐狸的故事,8.3,1066,1609
345963,阿里巴巴2所罗门封印,7.3,270,2203
1136547,疯狂丑小鸭,8.1,337,2155
1187542,昼颜,8.2,755,1433
883179,汪星卧底,8.5,14,820
655258,机器之血,8.7,19836,30542
343887,守信少年,,,
344043,圣诞大赢家,7.6,79,298
343944,太空熊猫英雄归来,8.0,232,1806
1132494,生存家族,8.5,604,1141
1203436,金钱世界,8.1,680,1116
1177952,狗狗的疯狂假期,8.4,368,1060
1197732,心理罪之城市之光,8.8,14110,22417
1182417,萌犬好声音,8.1,752,980
475721,24小时：末路重生,7.8,758,977
344135,淘气大侦探,8.5,15,701
319904,盛世秧歌,,,
592271,小悟空,8.5,21,581
328844,虎皮萌企鹅,8.3,630,868
1220923,我的宠物恐龙,7.4,812,863
1212982,人怕出名猪怕壮,8.2,76,838
343905,帕丁顿熊2,9.2,10459,20647
344164,脱皮爸爸,6.9,643,803
603864,战犬瑞克斯,8.3,386,670
635863,香港大营救,7.7,501,670
1217651,小公主艾薇拉与神秘王国,6.5,148,661
667783,爱在记忆消逝前,9.0,297,656
1217513,风语咒,,72,暂无
1219270,最后一球,9.0,48,395
341540,麦兵兵之夺宝联“萌”,7.3,269,606
1217789,出山记,,21,585
1212450,小猫巴克里,7.9,651,1224
329733,迷镇凶案,7.1,436,567
643506,古镇画情,,,
1225340,您一定不要错过,9.0,37,222
1197507,吃货宇宙,8.0,310,486
1211570,咕噜咕噜美人鱼2,8.4,593,1073
345000,毕业作品,7.6,314,457
1200245,第三度嫌疑人,7.7,225,452
1198834,给19岁的我自己,8.1,374,438
1212518,西北风云,6.4,289,403
246835,寻找罗麦,7.1,300,402
1215573,暗夜良人,,80,399
337093,龙在哪里？,8.6,186,2462
344323,S4侠降魔记,7.9,171,363
342568,诡梦凶铃,4.7,197,801
1212248,爱的帕斯卡,,105,328
1218718,尖叫直播,7.6,75,311
1209094,我们的青春岁月,,57,3
1200609,大世界,7.1,169,262
330115,我和神马查干,,17,暂无
1196215,路过未来,7.6,107,254
1213191,暹罗决：九神战甲,8.6,43,186
1220908,恐怖浴室,4.6,49,123
346180,青蛙总动员,7.4,201,1255
337443,至爱梵高·星空之谜,9.0,2869,6873
858598,莫斯科陷落,7.9,113,238
1220736,神秘世界历险记4,,6,暂无
1210869,午夜十二点,4.0,57,235
1207100,米花之味,8.5,82,227
558308,绝命时钟2:22,7.8,169,226
1223430,浴血广昌,,12,暂无
344080,第一夫人,7.9,125,213
1211641,美丽童年,,20,104
246596,昨日青空,,,
1189346,时空偷渡少女,,104,199
1205320,玲珑井,3.3,107,198
1218267,亲爱的，我要和别人结婚了,7.9,101,194
879019,西小河的夏天,7.7,79,192
1212344,凌晨两点半,2.4,65,187
1203156,兄弟班,8.7,39,144
836,毕业那年,5.8,62,284
1212979,小狗奶瓶,9.0,暂无,163
1132373,宇宙有爱浪漫同游,7.2,133,155
487449,心灵的阳光,,,
1183637,黄金花,8.5,57,151
1220905,毛骨悚然之红衣男孩,5.0,84,148
493549,大寒,,68,143
341674,命运速递,7.1,92,141
1218043,荒城纪,7.9,83,137
1221379,细思极恐,3.6,28,55
341323,一个人的课堂,9.1,21,137
345663,超能太阳鸭,8.1,1536,2003
642167,飞鸟历险记,8.2,107,131
1208934,因果启示录,8.4,66,131
1220835,伊阿索密码,6.4,100,131
344540,灵魂当铺之时间典当,5.4,74,128
1215629,监狱犬计划,7.3,95,125
337105,夺命来电,6.4,76,122
1220970,蓝色金鱼,,86,103
343447,尼斯：疯狂的心,8.3,47,103
1135401,咖啡风暴,,暂无,101
568602,无眸之杀,5.2,53,98
344983,泡菜爱上小龙虾,,53,95
13457,龙凤斗,7.7,50,1492
1227229,海龙屯,,24,29
343793,村戏,,,
1210870,光影之战,6.2,43,88
1221388,姽婳,3.9,52,33
1182289,一纸婚约,6.1,90,60
1203210,凤凰城遗忘录,6.4,63,75
1218421,理想之路,,38,73
344183,奇门遁甲,7.6,78,21077
1163201,快乐星球之三十六号,7.9,80,20
1207103,北方一片苍茫,8.2,22,32
1213211,家,,4,63
344419,七号公馆,4.7,29,61
78451,我是路人甲,8.2,41,3887
346625,至暗时刻,8.8,1408,3732
344551,清水里的刀子,8.0,56,30
343499,萌学园：寻找盘古,,9,暂无
341999,盲·道,7.5,24,52
346336,冰封迷案,5.9,26,52
1219320,青春不留白,,85,26
1190368,血十三,,32,47
1217239,勇敢往事,,暂无,46
1199011,出·路,,26,19
1211693,时空终点,5.7,25,42
672184,中邪,,,
1220084,破门,,9,40
246276,冰雪女王2：冬日魔咒,7.8,35,2125
1221025,马兰花开,,16,37
1213057,无迹可寻,4.4,16,36
78537,我的影子在奔跑,,14,37
1221133,天佑之爱,,54,24
1204800,余额不足,,26,34
1211555,天籁梦想,8.9,22,33
492964,红盾先锋,,44,1
345972,大耳朵图图之美食狂想曲,8.8,1738,4329
1217885,玩命,,18,30
1199974,大雪冬至,,10,28
1213065,柳毅奇缘,,2,28
1213080,疯狂熊孩子,,21,28
1209177,南哥,,8,51
1221169,三界,,2,27
301,建党伟业,7.0,36,11251
1211086,敦煌不了情,,,
1157354,大导归来,,19,24
1212554,雪·葬,,3,24
1212376,惊魂七夜,4.6,29,85
1227164,左滩,,14,23
1220865,策反,,2,23
1221119,致命夺宝,,13,22
1201231,让我怎么相信你,,暂无,22
1211089,北平以北,,21,95
1208343,毕业旅行笑翻天,7.8,17,22
344264,战狼2,9.7,67,99662
1218563,求求你爱上我,,17,21
248818,潜艇总动员之时光宝盒,8.5,88,192
343526,我是哪吒,8.5,12,993
1220748,天下父母,,13,18
1224953,八只鸡,,61,15
1218422,壹号别墅,,11,18
652628,五度空间,,11,18
248916,铁道飞虎,8.5,21708,69929
338391,湄公河行动,9.3,16541,118301
342203,我的战争,8.2,2481,3619
346658,泰迪熊之玩具大战,7.3,25,661
333688,地下凶猛,,58,7
342173,明月几时有,7.5,3366,6310
1213237,落绕,,10,14
262872,珍珠塔,,1,39
346759,勇士,8.7,42,2016
1203620,摇摇晃晃的人间,8.7,暂无,177
1218321,擒贼先擒王,,12,13
1196183,翻滚吧姐妹,,7,13
1198943,明天有多远,,2,12
1213016,天使的声音,,2,12
1167104,儿大女大,,暂无,55
367767,十七后 与青春化敌为友,,6,11
1208145,笔仙咒怨,4.9,286,581
1220909,寻找雪山,,4,11
344399,凤凰花开,,,
1210930,梭哈人生,,5,11
1206145,格桑花开的时候,,71,10
345011,建军大业,9.1,45,20292
345593,三伏天,,2,10
342286,根据地,,32,暂无
1220095,时间暗局,,8,10
1221087,疯狂的麻将,,8,10
1205694,神谕通天,,5,10
408969,皇甫谧传奇,,,
1218424,二师兄来了,,2,9
1208644,金珠玛米,7.8,143,193
1197625,血战湘江,9.1,1340,7381
248551,白雪公主之神秘爸爸,8.3,65,530
672356,新大头儿子和小头爸爸2一日成才,8.6,29,5404
1203120,巨额来电,8.4,3767,5585
1190355,四渡赤水,,51,2
78230,告诉他们，我随白鹤去了,7.4,1,8
1207927,一辈子的姐弟,,7,25
346189,空天猎,8.7,8662,31906
1132273,青春24秒,春24,6,7
342362,相声大电影之我要幸福,5.9,1426,1791
1205145,丢心,,2,7
1220935,一个人的江湖,,5,7
344422,东方快车谋杀案,8.2,12706,23022
340946,纯洁心灵·逐梦演艺圈,6.8,5,234
345627,天梯：蔡国强的艺术,9.0,暂无,210
1208456,李保国,,31,暂无
1217727,河间圣手,,4,6
1199241,大魔法师孟兜兜,,11,31
1206402,圣诞奇妙公司,8.2,302,493
344264,战狼2,9.7,67,99662
248700,速度与激情8,9.3,135203,267088
1198214,羞羞的铁拳,9.1,82,31082
248933,功夫瑜伽,8.4,27190,174866
248904,西游伏妖篇,7.7,58851,165206
248645,变形金刚5：最后的骑士,7.4,87183,155123
588362,摔跤吧！爸爸,9.8,8685,129912
1170264,芳华,9.1,29432,142299
246012,加勒比海盗5：死无对证,8.9,46880,117990
249898,金刚：骷髅岛,8.3,50106,115891
342068,寻梦环游记,9.6,11869,121236
334590,极限特工：终极回归,8.7,43432,112517
246065,生化危机：终章,8.5,65417,110949
1170255,乘风破浪,8.7,12921,104604
249900,神偷奶爸3,8.8,44415,103780
334620,蜘蛛侠：英雄归来,8.1,46277,77475
248935,大闹天竺,7.4,31173,75611
249894,雷神3：诸神黄昏,8.9,36269,74370
246377,猩球崛起3：终极之战,8.1,40336,74050
247875,金刚狼3：殊死一战,8.6,34160,73008
341375,悟空传,7.6,40179,69653
341195,正义联盟,8.6,34532,69057
248683,银河护卫队2,9.1,34281,68611
249895,新木乃伊,7.0,35970,62560
247731,神奇女侠,8.6,26367,61010
342858,一条狗的使命,8.9,11977,60694
247658,美女与野兽,8.2,31008,59030
1176763,追龙,9.0,9520,57721
1188324,情圣,8.6,17207,65790
345420,英伦对决,8.4,14717,53980
246896,三生三世十里桃花,7.1,42846,53473
342176,杀破狼·贪狼,8.5,27999,52262
1189089,熊出没·奇幻空间,9.1,10119,52112
247185,星球大战外传：侠盗一号,8.0,22439,47719
341173,王牌特工2：黄金圈,8.7,26370,47427
345862,妖猫传,7.4,24327,53026
1198177,缝纫机乐队,9.3,7515,45932
338402,全球风暴,8.7,22610,43403
249008,星际特工：千星之城,8.3,19352,40952
345011,建军大业,9.1,45,20292
343012,嫌疑人x的献身,8.6,16046,40185
346103,拆弹·专家,9.0,18165,40050
342598,敦刻尔克,8.1,19824,33990
346189,空天猎,8.7,8662,31906
341201,太空旅客,8.5,12845,31385
78888,异形：契约,6.8,19952,31116
342381,心理罪,8.2,16310,30416
344183,奇门遁甲,7.6,78,21077
344929,前任3：再见前任,9.2,28359,194188
345672,记忆大师,8.6,15730,29292
655258,机器之血,8.7,19836,30542
1204596,天才枪手,8.8,11398,27132
248916,铁道飞虎,8.5,21708,69929
341189,绣春刀II：修罗战场,8.5,17636,26570
1200984,妖铃铃,6.7,25104,36316
338436,爱乐之城,8.6,15969,24725
1183619,侠盗联盟,8.1,14952,23710
344422,东方快车谋杀案,8.2,12706,23022
344236,京城81号2,5.8,14131,21886
344258,欢乐好声音,9.2,8309,21569
1197732,心理罪之城市之光,8.8,14110,22417
672175,喜欢·你,8.9,10857,21075
246969,攻壳机动队,7.8,14852,20248
342364,逆时营救,7.9,11924,20126
343905,帕丁顿熊2,9.2,10459,20647
246267,长城,8.4,47125,117301
672114,春娇救志明,8.8,9128,17555
158,大话西游之大圣娶亲,8.8,179,17763
78610,蓝精灵：寻找神秘村,9.0,7759,17392
458721,看不见的客人,9.4,3261,17258
615739,二十二,9.2,12468,17053
368135,二代妖精之今生有幸,8.6,16915,29224
78608,刺客信条,7.4,11887,16072
342906,非凡任务,8.7,5869,15636
343945,解忧杂货店,8.5,14360,22316
1183351,哆啦A梦：大雄的南极冰冰凉大冒险,8.6,11514,14890
344055,王牌保镖,8.9,9021,13979
342067,赛车总动员3：极速挑战,8.8,7213,13711
345719,异星觉醒,7.7,9102,13583
346308,十万个冷笑话2,8.7,5549,13388
1197753,大卫贝肯之倒霉特工熊,8.5,4311,12614
1196180,父子雄兵,8.0,87,7802
343669,傲娇与偏见,9.0,6775,12425
346106,决战食神,7.8,8575,12167
245938,鲛珠传,7.9,8352,11369
338387,降临,7.8,5453,10895
341894,极盗车神,7.7,6483,10883
1209085,十八洞村,8.5,3402,10743
248075,追捕,7.6,7405,10602
344032,东北往事之破马张飞,7.2,5882,10584
618704,七十七天,8.6,1132,10374
1201161,赛尔号大电影6：圣者无敌,8.9,5017,10347
345658,游戏规则,7.6,1652,10296
1196168,绝世高手,7.5,6167,10128
342601,冈仁波齐,8.8,1697,10010
344451,绑架者,8.4,4460,9566
246019,降魔传,6.9,5739,9176
344682,大护法,8.3,3309,8760
1144681,银魂 真人版,7.9,6099,8143
338328,密战,8.2,4963,7954
1198813,烟花,5.5,7096,7866
247784,银翼杀手2049,7.2,5068,7696
246388,摆渡人,7.8,28074,48256
1163084,原谅他77次,8.5,1488,7545
338349,血战钢锯岭,9.3,11762,42578
1197625,血战湘江,9.1,1340,7381
567982,反转人生,8.1,4678,6951
344500,狂兽,7.8,4574,6781
1156890,欢乐喜剧人,4.7,4902,6685
337443,至爱梵高·星空之谜,9.0,2869,6873
1181801,龙之战,8.6,1060,6535
338486,荡寇风云,8.3,2865,6512
1132316,闪光少女,9.2,2349,6487
346740,破·局,8.4,4391,6465
1132987,疯岳撬佳人,7.5,5544,6370
342173,明月几时有,7.5,3366,6310
341126,合约男女,8.0,5307,5938
338409,亚瑟王：斗兽争霸,8.0,3686,5706
880690,我的爸爸是森林之王,9.1,1589,5622
1203120,巨额来电,8.4,3767,5585
672281,这就是命,8.1,2912,5447
358750,刀剑神域：序列之争,9.2,4071,5392
248771,昆塔：反转星球,8.5,798,5064
1196171,引爆者,8.2,3228,5026
344081,地球：神奇的一天,9.0,1060,4778
1200664,常在你左右,7.3,2966,4688
346154,喵星人,8.4,3125,4476
349452,声之形,8.3,3310,4454
246463,魔弦传说,8.5,2212,4369
346460,冰雪大作战,8.3,77,1170
345972,大耳朵图图之美食狂想曲,8.8,1738,4329
1197558,猪猪侠之英雄猪少年,8.6,1680,4591
342183,乐高蝙蝠侠大电影,8.5,2455,4199
1207188,钢铁飞龙之再见奥特曼,7.9,945,4099
1181776,李雷和韩梅梅——昨日重现,7.7,3107,4072
1203251,毒。诫,7.3,2841,4025
1042603,了不起的菲丽西,9.1,2217,4020
930966,鲨海,6.9,2739,3872
1170252,有完没完,8.1,1498,3740
346625,至暗时刻,8.8,1408,3732
346167,黑白迷宫,7.8,2312,3317
490367,重返·狼群,9.2,1187,3299
313,英雄本色,9.2,2027,3262
1197452,麻烦家族,7.6,2709,3233
343470,玩偶奇兵,8.6,1179,3171
672202,青禾男高,7.8,2498,3041
367815,阿唐奇遇,8.9,1900,3040
338499,超凡战队,7.5,2455,3005
343985,烽火芳菲,8.0,1293,2946
346383,最终幻想15：王者之剑,7.7,2100,2873
246360,“吃吃”的爱,7.4,1449,2750
346511,暴雪将至,7.1,1998,2717
1204795,二次初恋,8.4,1254,2616
617007,精灵宝可梦：波尔凯尼恩与机巧的玛机雅娜,8.4,1546,2565
1203458,忠爱无言,9.2,253,2555
246276,冰雪女王2：冬日魔咒,7.8,35,2125
1201660,血狼犬,8.4,1280,2519
341753,三只小猪2,,503,2461
342193,天生不对,7.9,1475,2430
1208113,嘉年华,8.0,1265,2222
1132555,托马斯大电影之了不起的比赛,8.5,1113,2144
248268,恐袭波士顿,8.3,1314,2109
346411,守护者：世纪战元,6.3,1589,2023
346641,相爱相亲,8.7,683,1825
342362,相声大电影之我要幸福,5.9,1426,1791
345992,美好的意外,8.2,1084,1762
345877,极致追击,6.8,1007,1762
246230,天空之眼,8.0,888,1733
257722,雄狮,8.7,968,1717
343639,缉枪,7.9,513,1645
1201630,抢红,6.8,1321,1625
345668,健忘村,6.9,791,1602
1204581,豆福传,8.0,1229,1591
1204621,我的爸爸是国王,8.6,292,1568
343833,请把你的窗户打开,,3,1514
247086,神秘家族,6.9,1128,1488
344880,天才捕手,8.0,948,1473
338393,当怪物来敲门,7.5,1087,1455
438338,维京:王者之战,6.9,1161,1412
1142462,深夜食堂2,8.4,1142,1388
342181,提着心，吊着胆,8.0,952,1369
336923,上海王,7.7,806,1361
1207172,情遇曼哈顿,7.4,1024,1355
358776,与君相恋100次,8.2,912,1347
367889,玩命直播,8.3,784,1294
247373,临时演员,8.3,708,1294
1187526,那年夏天你去了哪里,7.3,2788,3467
344154,笨贼别跑,5.2,10,1677
248576,碟仙诡谭2,3.9,711,1277
246222,海洋奇缘,9.1,8546,22667
176,麦兜响当当,6.4,7520,8780
248818,潜艇总动员之时光宝盒,8.5,88,192
368034,兄弟，别闹！,7.1,899,1210
1209176,六年，六天,8.1,167,1162
544704,灵狼传奇,8.8,559,1151
672091,怨灵2,7.0,606,1149
1208031,你若安好,,141,1138
344881,你的名字。,9.2,28653,57558
1193542,捍卫者,9.1,380,1033
1190680,推理笔记,7.6,792,1023
341605,中国推销员,8.0,725,1015
1205281,异兽来袭,7.5,205,1011
344809,美容针,7.9,745,1006
345970,冒牌卧底,7.1,1404,2227
336851,仙球大战,6.9,703,982
1209323,回到火星,8.3,766,963
605624,一念无明,8.4,383,940
345193,夏天19岁的肖像,7.7,538,937
1205027,绿野仙踪之奥兹国奇幻之旅,8.4,631,905
368228,勇往直前,8.7,574,904
248648,我是马布里,8.8,557,890
1205886,那一场呼啸而过的青春,8.2,733,882
1204979,以爱为名,8.2,109,872
1204608,时间去哪儿了,7.1,398,850
344742,完美有多美,7.2,608,2502
338365,海边的曼彻斯特,8.8,270,818
346477,萤火奇兵,8.6,309,798
343744,秘果,8.0,571,796
345973,我是医生,,80,793
343476,不成问题的问题,8.1,579,777
341565,我不做大哥好多年,7.6,533,770
246261,罗曼蒂克消亡史,7.6,6585,12278
346321,会痛的十七岁,7.8,615,766
345106,你好，疯子！,7.7,1018,1566
1200675,玛格丽特的春天,6.4,450,712
337058,不期而遇,7.9,539,716
38977,迷失Z城,6.4,459,704
1211004,一路绽放,8.3,484,681
1212450,小猫巴克里,7.9,651,1224
197420,失业生,8.7,423,610
1211570,咕噜咕噜美人鱼2,8.4,593,1073
344199,惊魂绣花鞋,5.7,322,592
1208145,笔仙咒怨,4.9,286,581
368089,和田玉传奇,,5,556
342613,单身日记：好孕来袭,8.5,169,550
1198459,假如王子睡着了,7.9,420,547
264152,李三娘,,,
343253,恐怖理发店,5.3,145,502
1140198,疯狂特警队,8.2,298,498
1204586,20:16,8.3,319,491
1206402,圣诞奇妙公司,8.2,302,493
1204052,怪物岛,8.1,370,485
346102,借眼,7.4,272,473
1200471,通灵姐妹,2.7,218,470
1204794,胡杨的夏天,7.7,310,467
1207785,S的秘密,8.0,368,458
341528,指甲刀人魔,6.5,321,451
1200610,窦娥奇冤,7.7,294,447
672178,八月,7.7,229,436
1199242,垫底联盟,7.4,421,430
342276,刺杀盖世太保,8.2,281,393
346216,回马亭,,暂无,402
337075,惊天解密,7.7,249,387
343887,守信少年,,,
1199126,夜色撩人,5.6,249,377
1208030,诡域新娘,5.4,157,377
344043,圣诞大赢家,7.6,79,298
344751,一万公里的约定,7.1,266,375
346038,点五步,7.9,180,374
342109,咕噜咕噜美人鱼,8.7,189,1394
635848,深宫怨灵,4.2,232,370
342869,青春逗,7.9,31,370
1211239,夺金四贱客,7.9,233,354
345063,大象林旺之一炮成名,8.7,180,336
246499,蝴蝶公墓,6.0,270,334
335222,皮绳上的魂,8.4,220,329
336946,双面劫匪,8.5,242,325
343351,碟仙前传,6.2,150,315
247448,少年巴比伦,8.0,189,314
1132343,碟仙之毕业照,5.6,171,308
346662,超能龙骑侠,8.5,170,307
368047,花腰恋歌,,2,306
1133164,七月半3：灵触第七感,6.1,189,292
1198738,一路逆风,9.3,175,327
1159320,小情书,8.3,225,291
345522,怨灵宿舍之白纸女生,5.4,90,268
343355,恐怖电影院2,4.7,143,266
345786,银河守卫队,8.6,103,257
248918,神奇动物在哪里,8.9,28309,59079
1203287,恐怖毕业照2,5.3,72,244
246330,煎饼侠,8.5,43158,116276
1187517,火力全开,9.6,156,240
1204814,撞邪31号,6.1,140,236
839397,理查大冒险,9.1,146,234
1196172,午夜惊魂路,3.3,93,233
466744,六人晚餐,8.1,暂无,228
340946,纯洁心灵·逐梦演艺圈,6.8,5,234
79042,箭士柳白猿,7.6,240,648
1208756,真假森林王,5.7,121,228
1194409,因为爱情,6.9,186,226
345946,乡关何处,,18,222
1208672,初恋日记,8.4,145,215
1207706,夜半凶铃,3.9,105,214
1199238,心惊胆战,4.5,90,214
1170247,你在哪,7.8,184,212
1207099,老兽,7.7,176,208
345627,天梯：蔡国强的艺术,9.0,暂无,210
668587,冒牌监护人之寻宝闹翻天,7.7,128,200
1198735,辛巴达与美人鱼公主,7.0,62,226
641,麦兜当当伴我心,7.8,2162,4890
246063,美人鱼,9.0,181991,338627
246286,疯狂动物城,9.5,15517,152770
78421,魔兽,9.0,102810,146887
246234,美国队长3,8.6,62685,124397
79202,西游记之孙悟空三打白骨精,7.7,76881,119854
338391,湄公河行动,9.3,16541,118301
248006,澳门风云3,6.9,79158,111636
79203,盗墓笔记,8.0,47799,100293
78535,功夫熊猫3,9.0,33943,100054
246267,长城,8.4,47125,117301
246970,奇幻森林,8.9,31812,97669
246307,绝地逃亡,8.5,40634,88758
246390,从你的全世界路过,8.6,31122,81326
78536,星球大战：原力觉醒,8.2,34766,81059
246177,X战警：天启,8.9,38490,80080
247575,北京遇上西雅图之不二情书,8.5,35492,78529
76365,叶问3,8.4,44219,76936
246124,奇异博士,8.9,29979,75013
247300,唐人街探案,9.0,39792,81899
341289,寒战2,8.6,29846,67654
246333,惊天魔盗团2,8.5,28777,63768
78439,蝙蝠侠大战超人：正义黎明,8.0,37246,61821
334722,使徒行者,8.8,24045,60538
248918,神奇动物在哪里,8.9,28309,59079
344881,你的名字。,9.2,28653,57558
246591,大鱼海棠,8.4,22719,56406
246188,愤怒的小鸟,8.7,19741,51294
246375,独立日：卷土重来,8.4,23994,50217
341749,我不是潘金莲,7.8,20548,48279
78637,冰川时代5：星际碰撞,8.7,28505,44659
249875,谍影重重5,8.3,32795,44648
246461,星际迷航3：超越星辰,8.6,20648,44021
246211,老炮儿,9.1,25311,89900
248916,铁道飞虎,8.5,21708,69929
246388,摆渡人,7.8,28074,48256
13511,忍者神龟2：破影而出,8.6,17012,39263
338351,爱宠大机密,9.0,19432,38862
248680,爱丽丝梦游仙境2：镜中奇遇记,8.5,17700,38625
248616,爵迹,7.8,19795,38252
247220,荒野猎人,8.5,20879,37673
341515,火锅英雄,8.3,14077,36995
247259,大话西游3,7.0,25103,36552
338349,血战钢锯岭,9.3,11762,42578
248896,伦敦陷落,8.5,15943,33909
338443,机械师2：复活,8.7,16630,33839
246575,致青春·原来你还在这里,7.7,17857,33614
246152,我的特工爷爷,8.0,16833,32399
78701,寻龙诀,9.1,59973,167858
341240,泰山归来：险战丛林,8.5,18304,30538
341750,熊出没之熊心归来,9.1,10571,28754
247186,封神传奇,6.2,20126,28329
246897,微微一笑很倾城,8.3,12240,27546
345257,王牌逗王牌,7.6,64,10714
246366,海底总动员2：多莉去哪儿,8.5,11960,25369
338412,神战：权力之眼,8.5,13020,23496
246222,海洋奇缘,9.1,8546,22667
338506,赏金猎人,8.4,11748,21307
341655,反贪风暴2,8.3,11937,20889
341603,陆垚知马俐,8.5,10619,19166
247401,最后的巫师猎人,8.3,6212,17962
246582,谁的青春不迷茫,8.6,9963,17960
410612,驴得水,8.5,5829,17277
247713,危城,8.2,9111,16714
341120,七月与安生,8.7,7234,16674
247736,比利·林恩的中场战事,8.3,8067,16492
343761,神探夏洛克：可恶的新娘,7.6,13557,16023
246231,夏有乔木 雅望天堂,8.0,8950,15626
246430,圆梦巨人,8.4,9122,14302
341502,追凶者也,8.5,7834,13563
248911,但丁密码,8.1,8532,13403
342795,高跟鞋先生,8.2,2969,12970
343413,28岁未成年,8.5,7278,12920
248881,睡在我上铺的兄弟,8.2,6883,12761
342871,极限挑战之皇家宝藏,5.8,7759,12531
338406,分歧者3：忠诚世界,8.0,6475,12190
246373,佩小姐的奇幻城堡,8.6,6938,11816
246261,罗曼蒂克消亡史,7.6,6585,12278
248553,惊天破,7.2,7998,11414
248876,九条命,8.6,5506,11188
1188324,情圣,8.6,17207,65790
344902,航海王之黄金城,9.0,6978,10716
247184,猎神：冬日之战,7.7,6902,10608
343930,哆啦A梦：新·大雄的日本诞生,8.4,5438,10340
257720,超脑48小时,8.2,5188,10335
336868,火影忍者剧场版：博人传,9.3,6161,10305
341896,鲨滩,8.3,5658,10157
79088,三少爷的剑,7.8,5276,10046
246972,三人行,7.2,6250,10038
246051,卧虎藏龙：青冥宝剑,6.8,5125,9374
246047,云中行走,8.2,4458,9070
672356,新大头儿子和小头爸爸2一日成才,8.6,29,5404
247790,魔宫魅影,7.1,5225,8830
248260,百鸟朝凤,9.1,155,8675
343379,所以……和黑粉结婚了,8.5,5762,8102
248967,梦想合伙人,7.7,5169,8085
248909,惊天大逆转,8.2,5212,7846
344961,逗鸟外传：萌宝满天飞,8.9,3481,7762
247899,小门神,8.3,6228,7851
248675,深海浩劫,8.3,5439,7257
346299,捉迷藏,8.2,3905,7139
337226,我们诞生在中国,9.0,1502,6651
346478,神秘世界历险记3,8.8,47,3953
248835,消失爱人,7.9,4064,6413
248828,女汉子真爱公式,8.4,3292,6328
246380,鼠来宝4：萌在囧途,9.0,3694,6256
343866,超级快递,8.5,2863,6152
342003,萨利机长,8.8,3800,6215
249003,侠探杰克：永不回头,8.1,3775,6100
342427,外公芳龄38,8.3,3481,6030
345830,他是龙,8.3,4542,6005
338401,魔发精灵,9.0,3252,5466
345075,过年好,7.4,4632,5398
345755,鲁滨逊漂流记,8.7,3999,5358
247301,快手枪手快枪手,8.1,4054,5389
246581,恶棍天使,8.0,50869,64838
342758,一念天堂,6.0,7469,8256
245997,寄生兽,8.4,2516,4823
247898,奔爱,4.5,3621,4741
247718,我们的十年,7.8,2486,4398
247458,冰河追凶,7.9,2709,4308
249795,真相禁区,6.8,2592,4200
247244,摇滚藏獒,8.6,2462,3954
334578,圣斗士星矢：圣域传说,7.6,2938,3779
248997,垫底辣妹,8.9,2137,3745
249018,我最好朋友的婚礼,7.6,2366,3742
343010,那件疯狂的小事叫爱情,7.2,1730,3656
248851,天亮之前,8.1,2494,3631
341529,冲天火,7.3,2643,3617
342203,我的战争,8.2,2481,3619
247869,幻体：续命游戏,8.0,2655,3557
257392,末日迷踪,6.8,2376,3533
334747,通灵神探,7.6,2913,3531
246438,蒸发太平洋,5.7,2132,3501
248366,年兽大作战,8.6,3253,3442
246154,我的新野蛮女友,7.0,2391,3413
247645,夜孔雀,6.5,2498,3313
338357,大唐玄奘,7.6,1821,3298
346759,勇士,8.7,42,2016
344073,名侦探柯南：纯黑的恶梦,8.6,2309,3104
346129,火海凌云,8.5,2528,3076
346564,间谍同盟,8.3,2471,3025
343477,刑警兄弟,8.4,1363,3024
246884,谍影特工,8.3,1573,2951
247712,恶人报喜,8.1,807,2753
341589,樱桃小丸子：来自意大利的少年,8.3,1899,2584
246594,精灵王座,,暂无,2509
337020,地心营救,8.2,1394,2342
248637,勇士之门,,1718,2282
344898,蜡笔小新：梦境世界大突击,8.5,1644,2243
1187526,那年夏天你去了哪里,7.3,2788,3467
344043,圣诞大赢家,7.6,79,298
346379,暗杀游戏,5.9,1650,2104
345216,一句顶一万句,7.6,1085,2088
249187,废柴特工,7.7,1296,1987
341056,一切都好,7.9,2009,2621
367835,麦兜·饭宝奇兵,7.8,1289,1893
345663,超能太阳鸭,8.1,1536,2003
344644,铠甲勇士捕王,8.4,513,1856
246335,谎言西西里,7.1,1770,1805
345158,托马斯和朋友们：多多岛之迷失宝藏,8.4,901,1793
257715,宾虚,7.8,1622,1745
246509,爱情麻辣烫之情定终身,7.9,1553,1730
346365,阿拉丁与神灯,7.4,1340,1693
343567,灵偶契约,7.7,678,1686
336835,极速之巅,7.8,1222,1554
247050,海洋之歌,9.0,842,1549
345919,少年,7.7,856,1588
341376,宝贝当家,7.7,1131,1520
338424,巴黎危机,8.2,1185,1446
10757,缘份,8.6,746,1389
247039,惊天绑架团,7.2,958,1353
246301,谋杀似水年华,6.4,936,1345
345970,冒牌卧底,7.1,1404,2227
336769,诺亚方舟漂流记,8.8,766,1237
246045,我叫MT之山口山战记,7.7,971,1213
338373,邻家大贱谍,8.0,1101,1193
248216,再见，在也不见,6.6,827,1146
346087,小明和他的小伙伴们,7.8,700,1123
606538,老阿姨,,13,1112
342747,在世界中心呼唤爱,7.7,813,1104
345076,发条城市,8.1,668,1101
336671,龙珠Z：复活的弗利萨,7.9,916,1098
343597,筷仙,5.2,482,1081
337438,大火种,,178,1042
342599,国酒,5.2,386,1021
346180,青蛙总动员,7.4,201,1255
246276,冰雪女王2：冬日魔咒,7.8,35,2125
343526,我是哪吒,8.5,12,993
246362,纽约纽约,7.2,632,954
248495,钢刀,6.1,778,939
345049,床下有人3,5.3,477,928
345924,洛杉矶捣蛋计划,8.1,601,896
346644,情况不妙,7.6,647,884
337054,妖医,6.4,480,874
343082,判我有罪,6.5,76,866
246592,果宝特攻之水果大逃亡,8.3,462,834
246243,魔法老师,8.0,660,829
247694,刺猬小子之天生我刺,8.5,612,817
345106,你好，疯子！,7.7,1018,1566
246450,泡沫之夏,6.0,719,811
341882,育婴室,6.6,411,804
249142,致我们终将到来的爱情,7.7,517,804
342741,魔轮,7.5,471,787
248215,铁拳,8.6,485,786
245966,蜜月酒店杀人事件,5.6,457,760
341670,黑处有什么,7.0,416,760
341361,巴霍巴利王：开端,8.5,412,745
343024,马小乐之玩具也疯狂,8.2,264,741
342815,笔仙诡影,6.0,361,732
346658,泰迪熊之玩具大战,7.3,25,661
1132371,神兽金刚之青龙再现,8.4,611,720
346255,七月半2：前世今生,5.5,410,708
336861,红色警戒999,5.8,628,707
248867,非常父子档,8.5,74,516
246965,飞鹰艾迪,8.8,272,669
248716,六弄咖啡馆,8.1,500,654
342073,路边野餐,8.1,331,646
1136547,疯狂丑小鸭,8.1,337,2155
343944,太空熊猫英雄归来,8.0,232,1806
455397,毛丰美,,暂无,629
343266,斗龙战士之星印罗盘,8.5,563,619
345105,最萌身高差,7.8,387,619
345963,阿里巴巴2所罗门封印,7.3,270,2203
345739,恐怖将映,6.3,328,607
1196913,我在故宫修文物,8.4,372,646
344840,水墨大别山,,暂无,598
531857,绝对控制,7.2,386,621
362681,我和我们——我在周恩来班的故事,,暂无,595
345881,猫脸老太太,7.1,259,584
345102,白毛女,8.9,38,584
344530,超级保镖,7.7,359,551
346286,死亡游戏,5.8,217,551
336061,贫穷富爸爸,8.1,319,585
344769,诡娃,4.0,292,525
345048,笔仙撞碟仙,5.6,287,522
298913,黑盒子,,,
249307,糖果世界大冒险,7.9,198,505
248194,哪一天我们会飞,7.7,380,502
1132375,地球四季,8.6,168,497
345023,龙拳小子,8.3,329,495
368036,终极硬汉,5.7,432,491
368000,幽灵医院,5.0,149,485
344437,我是处女座,7.9,418,467
346546,聊斋新编之画皮新娘,5.4,246,452
248174,呆呆计划,7.3,239,448
346476,死亡笔记,5.4,288,443
368116,张震讲故事之合租屋,6.9,273,442
368271,丑小鸭历险记,7.8,284,431
79042,箭士柳白猿,7.6,240,648
342616,掠夺者,7.4,284,438
341190,诡新娘,4.7,223,399
344154,笨贼别跑,5.2,10,1677
345775,水果宝贝之水果总动员,7.3,361,392
248115,不速之客,7.1,263,392
344005,荒村怨灵,3.5,188,387
345693,恐怖禁忌之红旗袍,4.2,217,387
245981,古曼,5.5,143,363
344687,分手再说我爱你,8.9,546,1268
345923,记忆碎片,6.5,223,360
1197558,猪猪侠之英雄猪少年,8.6,1680,4591
246198,一个勺子,7.7,1315,2250
1158554,荒村凶间,5.3,181,343
264152,李三娘,,,
332313,长江图,7.5,213,326
342568,诡梦凶铃,4.7,197,801
1132403,食人岛,5.6,154,321
344453,整形师·脸,6.8,175,2289
342730,我们毕业啦,5.4,146,293
345694,恭喜发财之谈钱说爱,6.8,217,276
79185,我不是王毛,8.3,145,263
341297,恐怖笔记,5.8,67,261
342234,反黑行动组,7.3,195,260
336766,夺路而逃,7.0,187,250
342833,234说爱你,8.0,193,248
1132299,功夫四侠,7.7,132,245
246497,花样厨神,7.9,187,241
342096,辣警霸王花,7.9,100,363
344409,一家老小向前冲,7.1,168,238
248903,催命符之劫后重生,3.6,137,237
1189048,遵义会议,,22,238
345638,半熟少女,6.4,168,233
343275,夜半哭声,4.9,125,229
247787,黑海夺金,7.9,151,226
342233,失眠男女,5.7,167,223
367992,枕边有张脸2,6.2,118,218
337195,夏威夷之恋,7.3,176,216
342563,凶手还未睡,6.8,128,215
1182756,怨灵地下室,4.4,121,209
1187417,白云桥,6.1,117,197
344812,五女闹京城,,94,195
53242,钢铁骑士,6.4,185,193
337511,舌尖上的新年,8.7,128,194
1196196,凄灵室,7.1,90,186
345737,夺命枪火,7.0,97,183
341084,我的诗篇,8.6,暂无,319
344679,白雪公主和三只小猪,6.7,124,177
414670,五女拜寿,,,
341081,喜乐长安,5.3,130,172
410609,爱在星空下,,30,171
246083,捉妖记,9.1,67015,244002
78405,速度与激情7,9.6,39881,242659
246577,港囧,8.4,68386,161411
78429,复仇者联盟2：奥创纪元,8.6,96665,146439
246082,夏洛特烦恼,9.3,86,25835
78602,侏罗纪世界,9.1,60673,142073
78701,寻龙诀,9.1,59973,167858
246330,煎饼侠,8.5,43158,116276
79211,澳门风云2,8.7,27106,96813
246397,西游记之大圣归来,9.3,94,8671
75090,碟中谍5：神秘国度,9.0,55308,86977
78464,霍比特人3：五军之战,9.1,31249,76480
79082,天将雄师,8.3,34335,73764
78607,终结者：创世纪,8.9,16813,72536
78403,狼图腾,8.3,14906,69475
246088,九层妖塔,5.7,42360,68293
78392,蚁人,8.9,27259,67175
246363,末日崩塌,9.1,31894,62967
246581,恶棍天使,8.0,50869,64838
246369,火星救援,9.0,30966,58571
246909,杀破狼2,9.0,26698,56050
78304,战狼,9.3,20838,54553
78617,007：幽灵党,8.0,30792,54113
78525,哆啦A梦：伴我同行,9.0,23894,53032
79232,超能陆战队,9.5,8542,52468
246505,滚蛋吧！肿瘤君,9.0,18548,51106
246001,小时代4：灵魂尽头,8.3,36470,48552
246210,左耳,7.9,19804,48523
78589,王牌特工：特工学院,9.2,15327,48304
246211,老炮儿,9.1,25311,89900
78425,灰姑娘,8.5,15733,44296
78684,小黄人大眼萌,8.9,12111,43580
246316,奔跑吧！兄弟,5.0,23099,43284
78631,智取威虎山,9.2,32088,88198
341051,百团大战,8.5,13496,41367
78761,钟馗伏魔：雪妖魔灵,5.4,19536,40445
78630,道士下山,6.6,23474,40078
247261,栀子花开,8.2,25843,37901
245876,重返20岁,9.2,12453,36511
341569,我的少女时代,9.2,10728,35893
246292,何以笙箫默,5.4,22359,35352
246015,博物馆奇妙夜3,8.4,2909,32248
246178,横冲直撞好莱坞,7.7,16967,32236
248213,万万没想到,7.9,15087,32201
246057,烈日灼心,8.9,12308,30516
246260,熊出没之雪岭熊风,9.2,10182,29411
246315,咱们结婚吧,8.5,14694,28449
78289,木星上行,7.7,14539,28311
245952,有一个地方只有我们知道,7.6,23320,28072
248944,前任2：备胎反击战,8.3,10879,25190
249141,极盗者,8.3,7634,24812
78618,饥饿游戏3：嘲笑鸟（上）,6.8,6142,22352
246287,爸爸去哪儿2,7.8,12714,22111
247711,我是证人,8.4,69,12079
78866,失孤,8.3,11396,21512
78620,赤道,7.3,12965,20974
246155,飓风营救3,8.2,10723,20295
246371,移动迷宫2,7.9,13678,19686
246951,解救吾先生,8.4,8239,19592
246026,新娘大作战,6.2,15072,17337
246248,第七子：降魔之战,5.6,10127,17239
78723,疯狂外星人,9.0,5040,17215
338503,怦然星动,7.6,9872,15945
246386,小王子,8.9,7822,15846
78601,冲上云霄,5.2,7946,15526
246089,谜城,8.0,8829,14886
246126,万物生长,7.0,7098,14832
78892,破风,9.0,7021,14529
78702,饥饿游戏3：嘲笑鸟（下）,7.6,10194,14322
247300,唐人街探案,9.0,39792,81899
78307,王朝的女人·杨贵妃,5.4,9250,13394
247852,玩命速递：重启之战,8.4,7023,12821
247362,精灵旅社2,9.0,7795,11964
78593,明日世界,7.7,8787,11845
247096,我的个神啊,9.0,3215,11818
245942,爸爸的假期,5.4,5558,11518
78380,不可思异,6.4,5416,11166
246242,分歧者2：绝地反击,7.8,5627,11014
246067,十万个冷笑话,8.1,8347,11959
246255,超能查派,8.4,6401,10369
246448,绝命海拔,8.2,7408,10220
246426,像素大战,8.0,7779,10097
78827,帕丁顿熊,9.0,4714,9945
78605,头脑特工队,9.0,7856,9723
78696,微爱之渐入佳境,5.7,14479,28514
249013,名侦探柯南：业火的向日葵,8.0,5770,8162
248753,洛克王国4：出发！巨人谷,8.4,3548,7698
246081,消失的凶手,6.4,4011,7698
246816,第三种爱情,7.8,4776,7325
248592,黑猫警长之翡翠之星,8.3,93,7223
246049,一路惊喜,7.7,3564,6896
246216,命中注定,7.8,4620,6793
246357,喜羊羊与灰太狼之羊年喜羊羊,8.3,2632,6750
78552,有种你爱我,8.2,2928,6767
248463,桂宝之爆笑闯宇宙,8.2,3650,6428
78451,我是路人甲,8.2,41,3887
905,一代宗师3D,8.2,3033,9774
246583,陪安东尼度过漫长岁月,7.8,4029,6258
246676,剩者为王,7.7,3951,6148
78668,刺客聂隐娘,6.3,3944,6141
246024,海绵宝宝,8.5,3309,5667
248755,赛尔号大电影5：雷神崛起,8.7,73,4124
246364,从天儿降,7.5,3964,5649
246080,师父,8.0,3114,5472
246338,小羊肖恩,9.2,2666,5379
246297,恋爱中的城市,6.9,5039,5365
78646,模仿游戏,9.3,1893,5256
246054,太平轮·彼岸,7.8,3120,5105
246439,少年班,7.8,2760,5069
246540,既然青春留不住,8.2,2833,5020
342576,杜拉拉追婚记,8.0,2627,4960
78688,华丽上班族,5.9,4310,4751
78507,屠魔战士,7.5,3957,4704
247111,暗杀,8.8,2500,4698
246498,坏蛋必须死,7.9,3079,4696
247910,魔法总动员,8.9,1926,4583
248568,猪猪侠之终极决战,8.5,2977,4549
78446,暴疯语,7.3,2803,4489
247897,十月初五的月光,8.1,2328,4256
246186,宅女侦探桂香,5.6,3100,4137
246644,将错就错,5.8,2307,3908
342353,巴啦啦小魔仙之魔箭公主,7.9,1979,3828
246337,神探驾到,3.2,2426,3708
246303,史努比：花生大电影,8.2,2002,3667
245987,坚不可摧,8.6,1455,3675
246356,斑马总动员,8.1,2654,3940
248818,潜艇总动员之时光宝盒,8.5,88,192
246302,新步步惊心,6.0,2132,3221
247161,山河故人,7.9,暂无,3225
342758,一念天堂,6.0,7469,8256
247511,土豪520,5.8,2220,3014
246331,兔侠之青黎传说,8.3,251,2935
246326,小飞侠：幻梦启航,8.1,2201,2849
78543,一万年以后,6.5,1888,2744
78397,封门诡影,4.5,1152,2563
1200,功夫3D,9.3,1777,2543
247934,破坏者,6.6,1572,2449
78489,暴走神探,5.1,1435,2441
78906,我的男友和狗,7.5,1217,2420
248754,三只小猪与神灯,8.3,933,2382
78222,一步之遥,5.3,34397,51388
246291,贵族大盗,6.7,1315,2280
246007,可爱的你,9.0,1085,2211
245936,王牌,5.1,2858,9
248858,张震讲故事之鬼迷心窍,4.4,1235,2093
78666,冲锋车,7.3,1013,2092
246325,谍·莲花,5.0,1073,2055
337093,龙在哪里？,8.6,186,2462
246308,再次出发之纽约遇见你,9.2,429,2027
78401,白幽灵传奇之绝命逃亡,4.8,1137,2429
78279,极速风流,8.4,1138,2001
246221,重生爱人,5.6,880,1989
78172,怨灵人偶,3.6,1846,2578
246198,一个勺子,7.7,1315,2250
245951,北京纽约,4.9,1209,1889
246189,巴黎假期,8.0,1121,1793
248550,美人鱼之海盗来袭,5.9,84,1079
246645,旋风九日,9.0,268,1690
246355,抢劫坚果店,,1592,3621
246249,通灵之六世古宅,4.7,1023,1655
341113,魔镜奇缘,6.1,1044,1600
247839,阿里巴巴大盗奇兵,6.3,666,1582
245937,我是女王,5.0,1180,1554
248855,亚马逊萌猴奇遇记,7.7,1107,1551
246919,吉星高照2015,3.4,406,1523
246428,十二公民,8.1,286,1398
246624,念念,7.3,521,1389
246100,闯堂兔2：疯狂马戏团,7.5,1126,2089
247081,年少轻狂,5.6,968,1307
248186,落跑吧爱情,7.9,910,1306
247299,我的青春期,6.7,1125,1253
248968,七月半之恐怖宿舍,4.7,476,1228
78690,三城记,7.8,907,1224
784,甜蜜蜜,9.2,929,1233
341046,战火中的芭蕾,8.4,595,1211
246179,前目的地,7.6,703,2
246153,别有动机,6.3,952,1189
341734,喜马拉雅天梯,8.5,244,1156
248551,白雪公主之神秘爸爸,8.3,65,530
248232,心迷宫,8.2,暂无,1067
342130,笔仙魔咒,4.9,539,1047
246358,魔镜,5.1,568,1039
246328,情敌蜜月,7.8,886,1036
246319,龙骑侠,8.0,5,1041
78526,闯入者,7.8,376,1004
337611,黑瞳,6.4,暂无,986
248331,幸存者,7.8,267,948
342109,咕噜咕噜美人鱼,8.7,189,1394
344687,分手再说我爱你,8.9,546,1268
246814,爱我就陪我看电影,5.5,713,910
246263,摩尔庄园3：魔幻列车大冒险,8.4,73,1058
248738,惊魂电影院,3.5,440,870
245908,亡命地中海,5.7,427,874
248256,夺命旅行,5.3,302,853
248870,半夜叫你别回头,4.6,519,853
341620,诱狼,7.4,267,848
248593,奥拉星：进击圣殿,8.6,702,848
340979,午夜43路,4.3,424,841
247950,开罗宣言,7.8,558,902
335513,长江7号：超萌特攻队,8.0,456,833
341347,男神时代,7.9,776,826
78134,三更车库,4.5,383,792
247177,浪漫天降,7.0,597,785
246391,大喜临门,8.0,461,766
246343,怪谈,5.6,399,747
341164,这里的黎明静悄悄,8.8,520,730
245980,匆匆那年,8.0,20693,58875
341056,一切都好,7.9,2009,2621
78927,西藏天空,8.4,24,1638
336838,猛龙特囧,6.6,345,635
246334,蜡笔总动员,8.3,377,651
247899,小门神,8.3,6228,7851
249277,汽车人总动员,4.3,391,584
248800,一路向前,7.4,425,571
248760,金箍棒传奇2：沙僧的逆袭,8.2,265,551
248708,我是谁2015,5.8,337,551
247735,扑通扑通我的人生,8.0,337,554
337500,擦枪走火,7.3,304,552
248821,再见我们的十年,7.3,295,633
344043,圣诞大赢家,7.6,79,298
248012,星语心愿之再爱,8.0,370,521
248016,异种,3.3,274,508
342938,奇幻女侠,5.0,暂无,505
343138,七彩田野,5.0,暂无,504
343139,上善若水,5.0,暂无,503
239,我们恋爱吧,4.4,暂无,762
53667,老五的奥斯卡,5.6,100,601
341990,我和红七军,7.0,暂无,507
342810,回头是远方,,暂无,500
343673,爱在烂漫时,5.0,暂无,500
343672,我的童年谁做主,5.0,暂无,500
342583,赤狼蚁,,暂无,501
343901,二狗返乡记,5.0,暂无,500
64670,青花运,,暂无,500
342798,来电不善,,暂无,500
342612,放飞理想,5.0,暂无,500
341722,民工 老大 老板,7.0,,
342940,男左女右,5.0,暂无,500
342328,小鬼智多星,7.0,,
341991,鹭语,7.0,,
342329,一个老师的学校,,暂无,500
341293,当流星划过天际,,8,516
344167,见习警员白忆男之初来乍到,,119,496
341295,情回鹭岛,7.0,,
341834,虹飞千岛,7.0,,
247262,藏羚王,8.9,251,476
248070,罪恶赎金,6.9,271,472
341592,放心去飞,7.0,,
341591,憨哥进城,,,
248938,小猪班纳大电影之梦想大“帽”险,7.9,252,449
248667,恐怖游泳馆,5.7,185,424
342340,天眼传奇,7.8,323,411
248901,枕边诡影,4.3,212,407
249010,人皮拼图,4.3,226,406
78348,冰雪女王,8.0,62,355
341573,为了这片土地,7.5,暂无,406
245982,灵臆事件,5.6,239,400
341141,极地大反攻,8.1,275,400
342463,使命召唤,,,
336925,十七岁,7.1,337,395
246419,末日浩劫,6.6,814,1677
264152,李三娘,,,
249144,红髅,5.9,178,341
341584,诡影迷情,5.8,164,340
342287,穿越硝烟的歌声,,暂无,341
342651,探灵档案,6.5,195,334
248902,我爸比我小四岁,7.6,218,332
248349,爱之初体验,5.2,259,322
246105,安妮：纽约奇缘,8.2,223,340
341136,轩辕剑传奇,3.9,264,316
341598,双生灵,5.4,184,311
247765,无敌小飞猪,7.2,180,308
341063,狂野飞车,3.8,158,305
79234,特功明星,7.9,225,305
245911,男人不可以穷,8.0,793,1365
341368,王化买父,,暂无,612
341586,小时代4：灵魂尽头（含纪录片《最好的我们》）,8.1,258,290
246696,我只要我们在一起,5.1,255,295
341045,魔卡行动,5.8,241,283
248549,对风说爱你,7.2,157,278
341922,诡劫,4.7,140,259
797,兔子镇的火狐狸,8.2,219,257
277,李米的猜想,8.1,1200,1451
248819,墓穴迷城,6.0,95,249
341903,雨夜惊魂,3.9,120,246
341049,西游超级粉,7.6,109,246
247536,听说,8.4,135,244
246244,死亡之谜,4.2,144,237
248913,亲，别怕,2.5,124,227
78423,深海挑战,8.1,159,236
78181,昆塔：盒子总动员,8.0,129,1711
246857,新年行动,8.6,131,225
342050,没女神探,6.9,47,201
57557,遥远的拥抱,8.9,暂无,481
78691,推拿,8.2,190,1352
248002,第七谎言,4.2,138,196
262,复仇者联盟,8.8,11938,56841
78379,变形金刚4：绝迹重生,9.2,63171,197671
78612,心花路放,9.0,61207,116958
589,西游记之大闹天宫,5.2,32129,104498
78341,星际穿越,9.4,26885,75509
78356,X战警：逆转未来,9.0,24576,72294
78478,美国队长2,9.2,24498,73433
78625,猩球崛起2：黎明之战,9.0,28842,70764
78621,爸爸去哪儿,8.4,25661,69652
78554,分手大师,8.4,15352,66521
78697,后会无期,8.3,29608,62885
78336,银河护卫队,9.2,19248,59632
78515,超凡蜘蛛侠2,9.0,6147,58538
245980,匆匆那年,8.0,20693,58875
78283,澳门风云,8.6,7322,52464
78487,小时代3：刺金时代,7.6,31537,52126
78222,一步之遥,5.3,34397,51388
78611,哥斯拉,8.3,23155,48125
78435,霍比特人2：史矛革之战,9.1,20328,46259
78653,同桌的你,8.5,10993,45558
78488,敢死队3,9.2,25802,45179
78631,智取威虎山,9.2,32088,88198
78267,京城81号,5.1,15825,41204
78426,极品飞车,9.2,13162,41154
78613,明日边缘,8.9,16097,40631
78324,北京爱情故事,8.0,20443,40530
78540,驯龙高手2,9.3,16657,40300
78268,白发魔女传之明月天国,4.5,22364,38905
245931,忍者神龟：变种时代,9.1,16692,38739
78910,亲爱的,9.2,10242,34462
78115,神偷奶爸2,9.3,9557,32375
78522,机械战警,8.0,12948,31479
78197,窃听风云3,7.9,15241,30814
78410,冰雪奇缘,9.5,8752,29818
78519,沉睡魔咒,8.9,13845,29614
78395,归来,8.6,8133,29137
78911,超体,8.2,12950,27788
78672,催眠大师,8.9,13855,27365
246042,马达加斯加的企鹅,9.1,7234,25306
78512,熊出没之夺宝熊兵,9.1,10151,24785
78427,里约大冒险2,9.2,8073,24240
61049,撒娇女人最好命,8.2,8153,23021
78479,一生一世,7.9,7238,22779
78485,老男孩猛龙过江,8.1,10487,20882
78772,闺蜜,8.0,10634,20460
79214,痞子英雄2：黎明升起,8.1,13093,20424
78456,单身男女2,8.3,12435,19848
78481,太平轮（上）,7.2,11066,19509
78696,微爱之渐入佳境,5.7,14479,28514
78824,四大名捕大结局,6.0,10360,19214
77192,警察故事2013,8.0,28150,53406
78852,暴力街区,9.2,4793,18734
78368,黄飞鸿之英雄有梦,8.1,7743,18407
78991,我的早更女友,8.2,8761,16151
78583,一触即发,7.8,5979,16059
246016,移动迷宫,8.4,8555,15054
78264,冰封：重生之门,4.6,7119,14258
78319,安德的游戏,8.4,6770,13871
78302,前任攻略,9.0,1439,12958
78541,超验骇客,7.5,6676,12575
78226,私人订制,7.4,32436,71347
78472,天才眼镜狗,9.2,4898,12155
79186,狂怒,9.1,4524,11896
78692,一个人的武林,8.4,4983,11870
78896,不惧风暴,8.5,4833,11024
78699,魔警,7.2,5011,10814
78831,空中营救,8.6,4615,10523
78698,白日焰火,7.5,4140,10251
245867,临时同居,5.6,5418,10091
78359,庞贝末日,8.4,4280,9748
78857,反贪风暴,8.0,3440,9520
245866,绣春刀,8.3,3611,9318
78409,喜羊羊与灰太狼之飞马奇遇记,8.0,4644,8620
78497,整容日记,5.8,3618,8437
78939,宙斯之子：赫拉克勒斯,8.1,6904,8262
78484,六福喜事,8.0,1580,8088
78386,救火英雄,9.0,2851,7737
245935,触不可及,7.1,3995,7673
78514,分歧者：异类觉醒,8.2,5925,7654
78338,雪国列车,8.0,4856,7479
78647,英雄之战,5.7,3985,7447
78915,露水红颜,7.6,3497,6631
78717,盗马记,6.8,2953,6264
79137,赛尔号大电影4：圣魔之战,8.5,3949,6227
79023,神秘世界历险记2,9.0,3256,6195
78177,秦时明月之龙腾万里,9.3,3774,5972
79231,神笔马良,7.8,2991,5840
78276,等风来,7.6,5845,7960
78826,龙之谷：破晓奇兵,9.0,3533,5730
78329,别惹我,8.1,3135,5650
78498,脱轨时代,8.0,3088,5467
78650,黄金时代,7.9,2811,5148
78657,笔仙3,4.4,2243,5037
78376,火鸡总动员,7.9,3089,4993
245885,洛克王国3圣龙的守护,8.4,3077,4781
79128,潜艇总动员4：章鱼奇遇记,7.5,3108,4756
78783,盟军夺宝队,6.0,3086,4699
246022,铠甲勇士之雅塔莱斯,8.4,3119,4440
15795,冰川时代2：融冰之灾,8.4,2805,4413
245881,麦兜我和我妈妈,8.3,2953,4433
79196,猪猪侠之勇闯巨人岛,8.3,2390,4357
246101,新大头儿子和小头爸爸之秘密计划,8.6,1237,4236
78539,甜蜜杀机,7.7,2263,3721
78788,绝命航班,5.9,1876,3664
78730,笔仙惊魂3,5.4,1453,3527
246135,全城通缉,4.9,2731,3488
78651,家园防线,8.4,2023,3246
78799,蜂鸟特攻,6.5,1534,3243
246217,天河,7.6,66,3408
78236,圣杯神器：骸骨之城,8.0,1637,2967
78457,大话天仙,4.0,460,2959
78281,完美假妻168,7.5,2426,2925
78887,考拉大冒险,7.9,1788,2882
245874,开心超人2：启源星之战,8.3,1642,2787
78466,疯狂72小时,7.2,1168,2732
246137,鸣梁海战,8.9,1358,2668
78419,摩纳哥王妃,8.3,1261,2614
78841,辛巴达历险记2,8.0,1669,2593
78465,史前怪兽,5.6,2919,3478
78807,大力神,7.8,1486,2533
78018,魁拔Ⅲ战神崛起,9.4,1884,2417
78632,极地大冒险2,8.4,468,2407
78842,百变爱人,6.9,1269,2412
246074,食人虫,3.7,1269,2252
78495,好命先生,5.3,1244,2208
79125,魔幻仙踪,8.5,1239,2184
76903,夜莺,8.1,127,2198
78339,谁说我们不会爱,6.3,1583,2143
78486,机器纪元,5.8,1619,2080
78297,美国骗局,7.3,898,2083
78560,夺命地铁,8.0,680,1999
79135,碟仙诡谭,5.1,879,1989
245873,幻影车神：魔盗激情,9.1,851,1968
78459,奥林匹斯的陷落,8.4,788,4001
246355,抢劫坚果店,,1592,3621
78815,我在路上最爱你,4.9,1049,1941
78623,巴啦啦小魔仙之魔法的考验,7.5,1261,1914
246218,怨灵,5.8,779,1860
245856,丛林之王,8.0,1273,1861
245990,81号农场之疯狂的麦咭,8.2,1367,1851
246008,白雪公主之矮人力量,6.7,969,1754
246010,不能说的夏天,7.2,1111,1662
79067,美女与野兽,8.2,1042,1626
78792,昆虫总动员,9.1,651,1637
245964,床下有人2,4.8,578,1484
78556,过界男女,5.5,1084,1420
78603,人间·小团圆,7.1,968,1418
78550,海底大冒险2,8.0,983,2630
78928,夜半梳头,5.5,525,1344
246419,末日浩劫,6.6,814,1677
246040,女生宿舍,6.2,690,1278
78829,我的播音系女友,6.7,1113,1277
246095,恐怖电影院,3.7,875,1213
246067,十万个冷笑话,8.1,8347,11959
78763,驯龙骑士,7.5,858,1182
78294,冬荫功2：拳霸天下,8.0,761,1139
246009,龟兔再跑,7.9,464,1167
78944,赞鸟历险记,8.4,876,1143
246314,火线反攻,7.2,600,1131
245875,江湖论剑实录,7.0,651,1087
78691,推拿,8.2,190,1352
246035,等一个人咖啡,7.7,735,1063
79200,天上的菊美,6.6,暂无,1172
245911,男人不可以穷,8.0,793,1365
78404,青蛙王国,7.9,566,1758
6823,大话西游之月光宝盒,9.6,596,1027
245936,王牌,5.1,2858,9
79201,永远的焦裕禄,4.3,暂无,1050
245956,不再说分手,7.7,654,1014
246004,深夜前的五分钟,6.2,770,1000
245884,动物也疯狂,8.4,389,981
78927,西藏天空,8.4,24,1638
246134,坏姐姐之拆婚联盟,7.5,652,962
78398,诡镇,2.9,277,933
79089,绝密跟踪,8.4,773,902
78732,最佳嫌疑人,6.7,494,879
246122,密道追踪,3.7,442,885
246094,狂野非洲,8.2,560,857
78532,恶战,8.2,393,802
79039,聪明的一休之反斗公主,8.2,603,798
245968,爱情进化论,6.2,555,748
245967,洋妞到我家,8.2,441,756
246092,诡八楼,2.8,392,727
78845,特工艾米拉,5.3,498,721
246100,闯堂兔2：疯狂马戏团,7.5,1126,2089
78685,美人邦,7.5,576,698
78720,化妆师,5.1,352,665
246193,还魂之迷失曼谷,5.6,417,750
78771,死亡邮件,5.3,328,642
245865,我就是我,8.8,442,638
79212,孤胆保镖,7.8,298,633
78418,风暴,8.2,15727,31457
246254,花咒,5.7,273,619
78172,怨灵人偶,3.6,1846,2578
246013,挑战者联盟,8.4,351,599
78849,诡替身,4.9,353,592
78511,非狐外传,5.2,416,609
78220,封门村,4.7,322,560
78444,追爱大布局,8.4,468,559
78782,怖偶,3.0,295,550
245985,死亡派对,5.9,264,547
78635,闪魂,3.0,218,533
245959,拆散专家,7.0,306,599
246197,秘术,3.1,305,496
78562,激浪青春,6.8,229,471
220,白蛇传说,6.1,6135,18003
78585,拯救大明星,7.0,228,434
66927,分手达人,3.6,213,418
78401,白幽灵传奇之绝命逃亡,4.8,1137,2429
60673,蓝色骨头,7.5,266,402
901,保持通话,7.7,4500,4973
649,超凡蜘蛛侠,8.4,21314,31446
78825,火山对对碰,8.0,203,392
78687,林中小屋,3.5,277,391
79081,求爱嫁期,7.6,213,378
1016,焦裕禄,7.4,,
246184,孤岛,6.2,224,347
246356,斑马总动员,8.1,2654,3940
78843,太空熊猫总动员,6.7,245,352
382,精武风云·陈真,7.6,13256,14216
208,兄弟,6.1,暂无,338
77293,城市游戏,5.3,228,317
74777,李可乐寻人记,7.3,148,310
79178,缘来是游戏,6.4,46,315
17918,龙虎门,6.8,4900,5251
78269,周恩来的四个昼夜,6.2,6,5969
79139,无处可逃,6.3,251,314
78266,谁动了我的梦想,5.6,176,304
245883,我想结婚的时候你在哪,4.2,246,278
78432,对不起，我爱你,5.2,168,270
78705,硬汉奶爸,6.9,179,271
158,大话西游之大圣娶亲,8.8,179,17763
70010,通道转兵,2.3,2,1606
78477,心咒,3.8,141,241
245947,北回归线,6.5,180,236
246041,下一站再爱你,8.5,157,233
78614,完美超越,7.1,174,219
245930,香气,7.9,158,220
246068,摩登森林之美食总动员,6.9,113,212
157,匹夫,6.6,1380,2759
78805,三小强,6.1,148,217
452,消失的子弹,7.6,7643,15949
75689,忘了去懂你,5.6,164,203
78362,放手爱,3.1,170,188
79210,虐面人之死灵面膜,5.2,107,184
37296,江山美人,4.2,4300,4079
78483,警察日记,7.1,47,211
222,最强囍事,6.7,8047,16715
78431,我是狼之火龙山大冒险,7.5,67,204
601,四大名捕,6.9,7804,19498
78716,一号目标,6.6,93,200
246258,21岁派对,6.5,114,169
152,三国之见龙卸甲,7.4,7200,6352
78441,怒放之青春再见,8.0,106,199
245994,有一天,9.1,108,200
246097,喵星少年漂流记,7.1,92,165
233,十全九美,6.4,5300,4884
246077,狙击时刻,6.5,100,163
181,机动部队—同袍,6.2,暂无,874
245909,超萌英雄,6.9,24,168
411,B+侦探,6.9,1071,2502
962,文雀,6.5,暂无,1683
775,铜雀台,6.8,3257,10571
78524,江南爱情故事,7.0,109,119
246324,匆匆那些年,6.5,,
78128,辛巴达历险记2013,7.5,2940,4018
56,八星抱喜,7.1,1392,8571
245849,镇海保卫战,7.0,暂无,125
246112,真爱,7.0,暂无,145
246239,斐济99℃爱情,7.1,67,111
754,猩球崛起,8.6,5909,18425
245910,大宅男,7.0,102,135
78546,太空熊猫历险记,6.6,100,221
78448,无人区,8.4,13731,25956
246053,我们毕业的夏天,7.1,84,101
78452,破局,7.6,54,114
192,里约大冒险,,2288,13978
78615,金牌流浪狗,7.7,60,102
246223,黑月,3.9,65,92
68181,大寒桃花开,7.1,65,90
78494,中国好声音之为你转身,3.1,153,291
78262,迷魂之密室逃脱,6.5,153,342
78916,爱你一世一生,7.0,64,84
246129,黄克功案件,6.9,27,222
78942,古堡之吻,6.8,58,83
245934,兰辉,,3,195
78762,一个温州的女人,7.4,52,78
938,人再囧途之泰囧,8.8,30850,126794
625,美国队长,8.4,3077,6871
246226,精武青春,7.2,75,77
78719,命运派对,6.9,44,75
79226,风云1927,7.1,暂无,93
246215,潜龙风云,3.9,58,69
524,叶问2：宗师传奇,8.8,22952,23108
78882,再爱一次好不好,6.4,49,65
245979,我是你的野蛮女友,5.1,52,65
78728,夺樽,7.0,48,66
477,马达加斯加3,8.5,5495,20997
78616,不爱不散,6.5,36,60
246120,打工老板,8.0,36,56
78003,西游·降魔篇,8.4,8366,124696
78043,钢铁侠3,9.0,40415,75486
78059,致我们终将逝去的青春,8.3,14557,71902
78151,环太平洋,8.7,28571,69532
78198,狄仁杰之神都龙王,8.3,9489,60061
78226,私人订制,7.4,32436,71347
78068,中国合伙人,8.9,10767,53869
78041,北京遇上西雅图,8.8,7735,51975
78051,小时代,7.6,26848,48433
78361,地心引力,8.2,22266,43549
78140,速度与激情6,9.3,18471,41373
78099,疯狂原始人,9.5,4017,39473
78153,超人：钢铁之躯,8.6,16212,39446
828,007：大破天幕杀机,8.0,22078,37611
78112,星际迷航：暗黑无界,9.0,16133,35322
1455,侏罗纪公园3D,8.4,20221,34972
893,十二生肖,8.8,22353,88113
77192,警察故事2013,8.0,28150,53406
78263,雷神2：黑暗世界,8.7,13230,34235
78077,特种部队2：全面反击,8.1,21439,33804
1045,霍比特人1：意外之旅,8.4,11854,31621
78418,风暴,8.2,15727,31457
892,天机·富春山居图,4.8,5124,30032
78203,小时代2：青木时代,7.9,17091,29621
78135,不二神探,7.4,9387,28391
969,厨子戏子痞子,8.4,7936,27282
938,人再囧途之泰囧,8.8,30850,126794
78448,无人区,8.4,13731,25956
78438,金蝉脱壳,9.0,13088,25384
78277,金刚狼2,8.4,11356,24977
78261,扫毒,8.9,8097,23781
78152,重返地球,7.8,8799,21460
78116,怪兽大学,8.7,8229,20997
78113,盲探,8.1,8656,21078
78073,虎胆龙威5,8.4,10247,20124
78010,101次求婚,7.7,12182,19999
78089,分手合约,8.3,6316,19283
78171,全民目击,8.9,4244,18117
78150,惊天危机,8.7,12745,17771
74993,四大名捕2,6.9,8935,17420
78328,饥饿游戏2：星火燎原,7.8,8081,17193
78182,一夜惊喜,7.8,4658,17234
1032,云图,8.1,7255,17011
78050,魔境仙踪,7.8,5885,16420
78237,极乐空间,7.9,7477,15988
78217,特殊身份,6.9,6869,15511
78032,快乐大本营之快乐到家,5.9,8599,15360
78183,被偷走的那五年,8.1,6537,14924
78114,遗落战境,8.1,5847,14850
78082,毒战,7.8,8264,14692
78210,惊天魔盗团,8.7,6123,14280
78204,蓝精灵2,8.5,6240,13796
78044,非常幸运,7.2,8542,13689
78254,逃出生天,8.2,9104,13304
78024,喜羊羊与灰太狼之喜气羊羊过蛇年,8.2,6293,12487
78097,天台爱情,8.6,5941,11984
78199,激战,8.9,4939,11784
78202,极速蜗牛,8.9,5342,11310
78169,大明猩,8.6,6285,11283
989,生化危机5：惩罚,7.2,2356,11056
78045,侠探杰克,7.5,3245,9716
78332,我想和你好好的,7.4,3256,8741
78331,了不起的盖茨比,8.5,2768,8506
78180,笔仙Ⅱ,5.7,5003,8210
78160,独行侠,8.1,3623,8147
78187,赛尔号大电影3之战神联盟,8.0,3294,7633
78186,我爱灰太狼2,6.5,4357,7548
45603,精灵旅社,8.7,3594,7442
998,逆世界,7.3,4363,7378
78391,斯大林格勒,7.0,5182,7191
78072,笑功震武林,7.2,2933,7022
78033,洛克王国2：圣龙的心愿,8.4,3408,6947
78233,摩登年代,7.2,3464,6838
1031,大上海,8.4,2310,14962
78054,悲惨世界,8.8,2549,6306
826,忠烈杨家将,8.3,3248,6182
78049,百星酒店,7.6,1556,5827
78127,潜艇总动员3：彩虹宝藏,7.2,4299,5734
78201,赤焰战场2,8.6,3671,5580
78269,周恩来的四个昼夜,6.2,6,5969
78071,海啸奇迹,8.3,2952,5506
78176,宫锁沉香,7.9,4686,5448
78084,巨人捕手杰克,7.8,4332,5416
78042,巴啦啦小魔仙,6.5,2797,5161
78065,致命黑兰,8.6,1384,5020
78139,森林战士,8.8,2291,4992
78436,背水一战,8.6,2963,4903
78209,神奇,4.8,2549,4592
78060,劫案迷云,,1765,4425
78296,控制,7.5,2190,4362
78128,辛巴达历险记2013,7.5,2940,4018
78136,开心超人,8.1,1331,3553
78334,私奔B计划,8.4,1538,3209
78249,白狐,5.7,990,3148
78345,我爱的是你爱我,8.1,1068,3026
78062,特警判官,6.8,1697,3006
78037,越来越好之村晚,5.4,804,2994
78215,超级经纪人,6.3,1322,2869
78118,太极侠,6.2,1808,2749
78196,青春派,8.1,1297,2715
246185,魁拔之大战元泱界,8.8,1853,2527
78255,81号农场之保卫麦咭,7.7,308,2494
78142,枕边有张脸,5.5,932,2352
78100,意外的恋爱时光,7.7,985,2356
78111,圣诞玫瑰,6.5,1375,2349
78001,一场风花雪月的事,5.9,1400,2268
982,同谋,6.3,858,2256
679,夺宝联盟,7.9,1890,2221
78052,电梯惊魂,4.9,1023,2221
78276,等风来,7.6,5845,7960
78326,5月天诺亚方舟,9.4,1429,2085
78459,奥林匹斯的陷落,8.4,788,4001
78378,诡婴吉咪,5.7,1387,1819
78091,被解救的姜戈,8.8,382,1789
937,血滴子,6.1,2678,7183
78144,穿越火线,6.0,1034,1708
78017,孤岛惊魂2,4.3,598,1670
78181,昆塔：盒子总动员,8.0,129,1711
78308,一路顺疯,7.8,155,1423
78016,201314,6.9,1136,1324
78350,制服,6.8,1194,1286
78189,赤警威龙,6.9,1150,1271
78252,乔布斯,8.1,642,1263
78364,金刚王：死亡救赎,7.0,1155,1270
74335,萨米大冒险2,7.1,578,1251
78550,海底大冒险2,8.0,983,2630
78030,波鲁鲁冰雪大冒险,7.0,606,1220
78066,爱神,8.7,744,1202
78035,女蛹,6.6,451,1189
78131,王牌情敌,7.0,997,1169
78074,叶问：终极一战,6.6,761,1113
78205,回到爱开始的地方,7.6,582,1104
78316,古镇凶灵之巫咒缠身,3.9,375,1054
78377,心战,4.9,824,1055
78103,杀戒,5.8,137,945
78465,史前怪兽,5.6,2919,3478
77254,绿林大冒险,7.0,514,917
75115,逆光飞翔,8.6,122,874
78036,愤怒的小孩,7.6,543,842
78034,夺命追踪,6.8,409,806
78165,校花诡异事件,5.1,455,795
78109,临终囧事,6.8,371,781
78014,我的男男男男朋友,5.8,476,774
78161,咒·丝,4.0,383,733
78404,青蛙王国,7.9,566,1758
78029,爱情不NG,5.9,164,721
78038,暗恋99天,7.6,325,699
78015,金箍棒传奇,6.1,303,1086
78053,一座城池,6.7,547,679
78070,午夜火车,5.4,335,678
78192,追踪长尾豹马修,7.3,414,663
78130,一路狂奔,3.8,349,575
78188,火焰山历险记,6.5,294,576
78234,猎仇者,6.0,482,572
78148,圣龙奇兵大冒险,5.9,511,567
78520,双雄,7.0,310,566
78061,铁娘子：坚固柔情,8.4,404,560
78086,金太狼的幸福生活,7.3,399,557
78063,爱情银行,6.9,389,536
92,午夜微博,7.1,316,533
78299,疯狂的导演,3.3,356,499
78195,我为相亲狂,6.6,321,510
78440,铁血娇娃,7.2,397,517
78399,冲锋战警,6.8,390,482
78145,步步追魂,5.5,309,478
78000,大叔，我爱你,7.7,298,468
78076,止杀令,6.0,331,450
78309,4B青年之4楼B座,6.5,404,444
78168,终极大冒险,6.5,216,443
78094,人间蒸发,7.0,73,433
78250,大明劫,7.6,284,451
78012,地下室惊魂,5.2,207,700
78251,时光恋人,5.3,298,404
78306,甜心巧克力,4.9,236,412
78218,粉红女郎之爱人快跑,7.0,204,400
78400,狼少年,9.0,242,403
78132,光辉岁月,6.9,53,375
78085,楼,5.6,188,370
78411,禁忌游戏之迷藏,6.3,166,367
78167,诡魇,3.9,193,351
78157,大片,5.6,275,349
72671,帝国秘符,5.6,267,342
78156,夜幕惊魂,6.0,42,331
73528,北漂鱼,5.9,254,330
78170,模特魅影,6.8,190,327
940,全城高考,7.8,211,326
78067,骇战,6.2,199,299
1055,重返大海,5.9,54,385
78110,冷瞳,3.4,234,279
70010,通道转兵,2.3,2,1606
78141,结婚那件事,6.8,127,254
78437,少女灵异日记,6.8,201,259
78262,迷魂之密室逃脱,6.5,153,342
78469,啊朋友还钱,6.2,75,248
78344,蝙蝠别墅,6.7,217,243
76650,早见，晚爱,6.5,187,237
78101,变身超人,6.2,160,236
78633,毛泽东与齐白石,6.3,暂无,228
78098,百家乐翻天,6.5,40,222
78025,玩命时光,6.0,244,251
78019,花漾,6.6,157,211
78011,艺术家,8.3,159,418
78162,初恋未满,7.6,126,225
78092,梦幻岛,6.0,11,208
78022,秘密花园,8.3,267,541
78058,杨光的快乐生活,7.0,169,204
78494,中国好声音之为你转身,3.1,153,291
78193,爱爱囧事,5.8,109,203
78021,犀利人妻,7.6,238,284
78075,萧红,7.3,90,198
78253,诡拼车,6.1,112,193
913,凶间雪山,4.9,194,755
1010,暴走吧，女人,7.1,154,192
78129,让熊猫飞,4.1,182,186
805,巴黎淘气帮,8.0,32,192
78174,不肯去观音,7.3,94,178
75664,隔窗有眼,6.1,133,169
78383,听见下雨的声音,6.8,99,168
1026,柠檬,7.2,104,166
60121,魁拔之十万火急,8.8,131,499
78055,我的老婆是只猫,7.2,112,160
72123,公主的诱惑,6.3,120,153
78040,小小飞虎队,5.8,68,141
78069,郑和1405：魔海寻踪,7.0,101,148
247560,西柏坡2：英雄王二小,7.0,暂无,167
78048,三月情流感,6.0,86,130
78357,功夫战斗机,5.4,55,131
968,一九四二,8.2,13718,37113
78256,暴躁天使,6.1,77,124
78295,爱别离,6.3,93,116
78208,玛德2号,6.0,71,114
78546,太空熊猫历险记,6.6,100,221
78454,兰亭,7.0,3,214
78323,高铁英雄,5.0,79,106
601,四大名捕,6.9,7804,19498
746,平壤之约,3.5,24,214
452,消失的子弹,7.6,7643,15949
417,超蛙战士之初露锋芒,4.1,693,909
78028,危情营救,5.2,56,100
78175,绑架大明星,6.8,58,96
78227,小神来了,6.4,66,105
78064,青春雷锋,3.7,47,97
78119,钢琴木马,7.1,41,87
78004,在一起,5.5,50,88
76982,孝女彩金,,暂无,329
78104,星爸客,7.1,62,82
78090,大野狼和小绵羊的爱情,6.8,15,78
78433,孪生密码,5.5,46,82
647,我爱灰太狼,5.4,3739,7528
78407,盗剑72小时,6.2,74,74
942,吴仁宝,5.3,4,1081
78106,百万爱情宝贝,6.3,14,73
72057,致命闪玩,7.0,48,70
78458,幸福快递,6.8,41,78
78093,刺夜,6.2,44,67
78194,夏日示爱,7.0,47,68
78046,梦幻飞琴,5.6,31,65
78232,爱拼北京,6.8,61,64
78190,功夫侠,5.8,54,62
78455,光的棍,7.1,26,63
52385,倾城,7.2,28,66
233,十全九美,6.4,5300,4884
17918,龙虎门,6.8,4900,5251
683,喜剧王,6.3,49,57
78549,我的美丽王国,7.1,37,56
744,三岔口,6.6,,
78413,心曲,,暂无,105
78105,亲爱,7.1,40,57
1009,美姐,7.3,30,54
430,雷神,8.3,2343,9781
64672,牛胆神偷,6.0,39,47
78184,东方中国梦,6.0,2,45
78056,阿嬷的梦中情人,6.9,30,44
78102,甜蜜18岁,7.2,27,46
78126,残团,6.0,1,47
78088,石榴树上结樱桃,6.0,4,75
70011,情归陶然亭,,,
78026,爱你一生一世,6.0,暂无,52
78027,宝米恰恰,6.8,34,37
78191,爱很美,6.9,30,36
78565,有招没招之爱情达人,6.2,29,37
78149,非秀不可,5.0,7,33
78081,雷锋的微笑,5.5,1,44
1053,我老公不靠谱,7.9,1128,2596
833,石器时代之百万大侦探,5.8,5,26
78039,越位者,6.0,21,28
78386,救火英雄,9.0,2851,7737
57097,冬去春来,,暂无,55
472,饥饿游戏,8.3,6207,17458
853,超越那一天,7.5,21,24
78178,飘落的羽毛,6.9,17,32
54620,白方礼,8.2,暂无,207
78642,我的渡口,7.0,暂无,22
78428,有种,7.3,21,22
78117,冲锋号,6.1,15,138
245988,功夫世家,7.0,暂无,24
66784,给你一千万,5.1,暂无,30
24681,007：大破量子危机,7.8,14200,12068
938,人再囧途之泰囧,8.8,30850,126794
125,泰坦尼克号3D,9.4,44388,94615
502,画皮2,7.4,28371,70203
61,碟中谍4,8.9,10216,67215
995,少年派的奇幻漂流,9.1,10263,57288
262,复仇者联盟,8.8,11938,56841
893,十二生肖,8.8,22353,88113
389,黑衣人3,8.3,14987,50342
635,冰川时代4,8.8,12368,44741
6,地心历险记2：神秘岛,8.0,10033,38653
968,一九四二,8.2,13718,37113
676,蝙蝠侠：黑暗骑士崛起,8.9,20329,33871
585,敢死队2,8.4,15130,33203
649,超凡蜘蛛侠,8.4,21314,31446
250,超级战舰,7.8,11564,31009
122,异星战场,7.5,8802,26009
825,寒战,8.4,9263,25297
392,听风者,7.8,11529,23216
646,普罗米修斯,7.6,2794,22321
648,谍影重重4,7.6,8353,21314
477,马达加斯加3,8.5,5495,20997
601,四大名捕,6.9,7804,19498
52,大侦探福尔摩斯2：诡影游戏,8.5,1893,18797
472,饥饿游戏,8.3,6207,17458
51,大魔术师,7.0,暂无,17348
527,搜索,8.2,4243,17315
50,喜羊羊与灰太狼之开心闯龙年,8.0,7338,16750
213,诸神之怒,7.7,4408,16028
882,大海啸之鲨口逃生,6.1,4843,15701
452,消失的子弹,7.6,7643,15949
252,黄金大劫案,7.5,6225,15018
743,太极1：从零开始,6.9,3396,14724
27,龙门飞甲,7.7,13423,53971
28,金陵十三钗,8.2,14360,59224
739,白鹿原,6.6,2330,14199
5,爱,7.8,9192,13667
778,环形使者,7.7,2764,12948
53,逆战,7.8,4563,12928
83,战马,8.4,5349,11893
881,太极2：英雄崛起,7.2,5240,11843
758,全面回忆,8.6,3027,11624
886,飓风营救2,8.2,1563,11557
741,二次曝光,6.6,1676,10723
775,铜雀台,6.8,3257,10571
77,机械师,8.1,4668,8900
482,痞子英雄之全面开战,7.9,4606,8734
79,我愿意,7.6,2068,8491
1031,大上海,8.4,2310,14962
56,八星抱喜,7.1,1392,8571
534,王的盛宴,6.4,3986,7692
65,那些年，我们一起追的女孩,8.5,2782,7646
647,我爱灰太狼,5.4,3739,7528
680,河东狮吼2,6.3,2779,7088
128,春娇与志明,7.7,1751,7057
91,桃姐,8.4,3481,7050
965,无敌破坏王,9.0,2956,6381
776,危险关系,7.1,2442,6271
637,笔仙,5.5,2999,5809
256,灵魂战车2：复仇时刻,7.3,2347,5698
937,血滴子,6.1,2678,7183
87,快乐的大脚2,7.5,3334,5374
57,新天生一对,8.1,3169,5195
136,大追捕,7.8,1942,4821
641,麦兜当当伴我心,7.8,2162,4890
101,王者之剑,7.1,19,4435
729,HOLD住爱,6.1,3934,4413
508,白雪公主之魔镜魔镜,7.6,2810,4408
58,饭局也疯狂,5.1,2766,4379
138,绣花鞋,6.9,830,4342
49,大闹天宫,8.4,71,4207
366,三个火枪手,7.5,2628,3973
352,人狼大战,6.9,1724,3814
602,大武当之天地密码,6.3,1935,3796
474,神奇海盗团,7.2,3502,3781
32,亲密敌人,7.0,4038,11029
441,第一次,8.0,1074,3581
643,太空一号,7.4,2434,3465
67,铁血精英,7.9,1554,3333
117,玩命追踪,8.2,975,3152
845,男人如衣服,7.1,965,3120
639,赛尔号大电影2：雷伊与迈尔斯,7.0,1826,3115
748,边境风云,8.1,1052,2923
115,非常小特工之时间大盗,5.6,1999,2888
996,守护者联盟,8.5,1873,2867
506,车手,6.9,1616,2856
512,勇敢传说,8.4,1909,2826
54,胡桃夹子：魔境冒险,6.4,906,2775
132,车在囧途,5.1,211,2749
894,萨米大冒险,8.5,224,2700
68,夺命金,7.2,1508,2617
1053,我老公不靠谱,7.9,1128,2596
75,嫁个100分男人,4.2,944,2525
633,摩尔庄园2：海妖宝藏,8.1,暂无,2525
157,匹夫,6.6,1380,2759
835,雨中的树,6.0,暂无,2385
503,笔仙惊魂,5.7,958,2342
85,双城计中计,6.4,1140,2304
108,情谜,5.7,1392,2192
702,神秘世界历险记,7.2,874,2198
7,高海拔之恋Ⅱ,7.3,1194,2141
391,雨果,8.0,1302,2004
638,十二星座离奇事件,5.1,741,2000
677,超决战！贝利亚银河帝国,6.9,1186,1955
258,杀生,7.7,553,1908
173,暮光之城4：破晓（上）,8.2,1065,1866
288,影子爱人,6.7,794,1813
500,黑衣女人,6.9,983,1802
507,忠诚与背叛,4.2,79,1820
703,搞定岳父大人,7.7,750,1771
541,特工争风,7.0,484,1745
387,赛德克·巴莱,8.6,413,1653
261,追凶,4.8,867,1659
480,潜艇总动员2,1.7,1589,1642
251,迈阿密行动,6.2,1011,1617
39,深度谜案,6.9,584,1857
862,秘鲁大冒险,7.5,736,1566
763,普罗旺斯惊魂记,3.9,1322,1548
76,真心话大冒险,5.3,1205,1515
750,恐怖旅馆,3.2,536,1447
100,疯狂的蠢贼,4.4,815,1382
642,老雷斯的故事,,533,1374
927,叛谍追击,7.2,638,1306
33,极速天使,5.1,1477,2446
55,亲家过年,7.1,600,1287
479,百万巨鳄,6.7,629,1264
116,变节：潜罪犯,7.3,682,1259
943,幻影追凶,6.9,918,1259
257,纽约行动,4.6,750,1232
588,猪猪侠之囧囧危机,7.2,706,1184
929,诡爱,6.7,865,1188
34,梦宅诡影,6.4,875,1782
681,伤心童话,6.9,658,1147
481,半夜不要照镜子,6.4,528,1140
861,天生爱情狂,7.0,543,1134
476,醉后一夜,6.6,502,987
942,吴仁宝,5.3,4,1081
974,冰雪11天,6.0,224,957
333,形影不离,6.3,529,889
1040,目击者,6.0,49,895
385,浮城大亨,7.2,431,903
124,晚秋,7.7,173,874
31,倾城之泪,7.5,2412,4397
60,变身男女,6.9,465,834
632,青魇,7.2,370,813
912,白昼冷光,6.3,490,812
645,神探亨特张,6.9,405,776
957,给野兽献花,6.8,393,750
78,夜店诡谈,3.2,330,753
1043,铁线虫入侵,7.7,544,738
453,宝岛双雄,4.5,404,714
603,魅妆,4.5,315,682
95,国王的演讲,8.7,444,628
94,新龙门客栈,8.8,419,644
93,钱学森,6.8,144,633
97,单刀直入,6.9,292,591
66,杀手欧阳盆栽,6.9,350,586
880,新妈妈再爱我一次,6.1,350,583
966,无间罪：僵尸重生,5.8,298,576
913,凶间雪山,4.9,194,755
852,浮城谜事,7.0,337,552
504,2012喜上加喜,6.1,340,551
107,兵临城下之决战要塞,7.5,242,547
253,爱在那一天,6.6,304,532
264,飞越老人院,8.2,331,516
37,玩命狙击,3.1,405,768
4485,乐翻天,7.9,15,2479
386,超蛙战士之威武教官,4.5,477,548
753,爆笑角斗士,7.3,387,484
287,我11,7.2,266,483
37749,大侦探福尔摩斯,8.5,暂无,8348
674,绝色武器,6.5,178,452
854,宝贝女儿好妈妈之吃记忆的大雪球,7.4,50,457
126,饮食男女-好远又好近,5.4,263,453
956,三个未婚妈妈,7.2,208,468
928,一次别离,,308,440
390,我是大熊猫,3.1,112,433
719,宝马狂想曲,3.8,204,416
63,绝录求生,5.0,180,412
263,初恋这件小事,8.8,353,406
351,擒爱记,6.9,259,405
111,神通乡巴佬,4.0,233,404
78015,金箍棒传奇,6.1,303,1086
728,林肯律师,7.4,275,391
634,一八九四·甲午大海战,8.0,152,412
22506,惊魂游戏,5.0,,
742,邋遢大王奇遇记,8.0,159,409
110,高举爱,6.8,261,380
202,荒岛情未了,3.5,191,369
71,超时空救兵,4.9,293,369
511,悬赏,6.1,230,369
99,红鹰侠,5.4,282,364
201,盗亦有道,6.6,187,338
78022,秘密花园,8.3,267,541
981,恋爱三万英尺,6.9,174,331
72,就是闹着玩的,6.7,148,321
510,雅典娜：无间谍局,5.5,243,320
752,黑金,7.2,118,314
249,下一个奇迹,4.8,26,316
62,喜酒,3.3,105,315
764,守株人,6.0,237,308
78012,地下室惊魂,5.2,207,700
473,查无此人,5.5,154,287
1054,异度迷局,5.6,151,294
949,茱莉娅的眼睛,7.0,172,283
478,热爱岛,3.5,167,271
86,乌龙戏凤2012,4.1,231,267
941,诱饵,6.3,209,265
134,死亡迷局,3.6,155,265
994,致命替身,6.0,153,257
64,开心大冒险,3.9,140,252
1036,万箭穿心,8.4,110,249
398,地域无门,2.7,137,253
765,一起飞,7.6,200,237
120,结婚狂想曲,4.0,132,231
69,豪门生死恋,6.0,54,217
631,海鲜陆战队,6.1,124,210
78011,艺术家,8.3,159,418
89,浮出水面的影子,5.2,123,215
247,十五岁的笑脸,5.6,暂无,225
720,请叫我英雄,6.8,146,199
412,生死罗布泊,6.4,12,205
883,幸福迷途,7.3,131,226
650,热血街头,3.9,104,188
133,台北飘雪,5.9,27,188
76982,孝女彩金,,暂无,329
604,非常绑匪,3.4,95,181
38,2012来了,3.9,115,233
203,狂奔蚂蚁,5.8,104,175
1030,借你俩胆,6.0,101,181
174,敢死队,8.2,21443,21611
640,爱的面包魂,6.3,85,161
88,猎物,,88,162
368,四戒,6.2,95,159
651,街头之王,4.8,95,157
329758,索道医生,,,
388,今天·明天,4.1,62,172
80,女人如花,4.2,131,154
682,华丽之后,7.9,111,152
1041,邂逅幸福,7.1,129,143
749,做次有钱人,7.3,44,151
944,爱谁谁,7.0,102,142
747,稍安勿躁,5.5,69,142
78462,咱们是亲人,7.0,暂无,139
226,一夜成名,2.8,87,142
121,索马里真相,3.6,102,144
109,囧蛋奇兵,3.1,84,140
827,非常营救,4.1,73,136
70010,通道转兵,2.3,2,1606
678,拯救第365天,5.7,84,126
836,毕业那年,5.8,62,284
675,人山人海,6.9,93,115
440,跑出一片天,6.9,89,126
505,黑暗中的救赎,5.1,89,103
36,双人床条约,5.4,91,165
233,十全九美,6.4,5300,4884
90,绝对底线,4.1,62,96
78002,小鱼吃大鱼,6.6,58,101
721,纽约客@上海,6.9,67,95
334,月色狰狞,3.5,57,93
417,超蛙战士之初露锋芒,4.1,693,909
1055,重返大海,5.9,54,385
278,暮光之城,8.5,1151,1240
43,三傻大闹宝莱坞,9.1,742,1398
997,八卦宗师,6.1,69,85
137,神马都是浮云,3.6,44,85
746,平壤之约,3.5,24,214
301,建党伟业,7.0,36,11251
774,小战象2,7.3,58,167
792,哭笑不得,6.1,74,102
291,诸神之战,7.8,暂无,17195
557,潘多拉的宝剑,6.5,56,81
78631,智取威虎山,9.2,32088,88198
860,美男记,6.0,51,78
78021,犀利人妻,7.6,238,284
1027,风云决,5.6,暂无,2434
78013,笑过2012,7.0,41,70
129,关于爱情和那些魔鬼,4.7,9,65
210,人在囧途,8.9,3660,3753
751,残梦,7.0,50,74
150,地心历险记,7.7,暂无,6324
713,午夜凶梦,6.2,567,914
762,大兵金宝历险记,4.0,40,52
127,初到东京,6.4,32,53
227,为你而来,6.0,35,52
630,洛克王国之圣龙骑士,8.0,1005,2707
78373,许海峰的枪,6.0,暂无,48
533,蓝调海之恋,5.5,30,40
494,爱情真可怕,6.2,27,53
74,自古英雄出少年之岳飞,3.5,33,50
983,咆哮无声,6.0,26,43
260,骆驼客,7.2,17,38
50415,杂技小精灵,4.6,暂无,145
78025,玩命时光,6.0,244,251
98,双截棍,4.2,29,36
81,倭寇的踪迹,6.8,26,33
1033,南平红荔,6.0,18,93
877,岁月无声,7.3,18,27
891,安娜·卡列尼娜,8.3,23,25
694,摩尔庄园冰世纪,5.1,1039,1738
414,灵魂战车,7.9,暂无,29
47,变形金刚3,8.7,41223,107144
171,功夫熊猫2,8.7,11589,61200
451,加勒比海盗4：惊涛怪浪,,15109,46425
28,金陵十三钗,8.2,14360,59224
301,建党伟业,7.0,36,11251
916,哈利·波特与死亡圣器（下）,9.0,19160,40245
27,龙门飞甲,7.7,13423,53971
347,失恋33天,8.2,15301,32044
151,蓝精灵,8.2,9159,25238
364,速度与激情5,9.2,6832,25216
783,洛杉矶之战,7.4,7816,22597
186,新少林寺,7.6,11033,21252
308,窃听风云2,7.9,7925,20872
217,将爱情进行到底,7.2,4393,19359
341928,武林外传,,8143,18649
754,猩球崛起,8.6,5909,18425
48,武侠,7.3,9960,17018
220,白蛇传说,6.1,6135,18003
222,最强囍事,6.7,8047,16715
182,让子弹飞,8.4,47381,63675
195,关云长,5.2,10476,15739
240,画壁,6.9,4613,14985
51236,倩女幽魂,7.4,7293,14093
1,鸿门宴传奇,7.5,7304,13965
471,喜羊羊与灰太狼之兔年顶呱呱,7.5,5536,13897
192,里约大冒险,,2288,13978
415,青蜂侠,7.4,8224,13817
57020,致命伴旅,7.6,1951,13591
3,非诚勿扰2,7.5,32857,45607
29933,纳尼亚传奇3：黎明踏浪号,8.0,4572,12253
419,铁甲钢拳,8.6,4249,13121
169,丁丁历险记,8.0,5510,12073
407,创：战纪,7.8,6341,11847
52945,关键第四号,7.3,2550,11598
59306,财神客栈,7.0,5392,10236
46816,夺命深渊,7.1,2421,10379
430,雷神,8.3,2343,9781
214,单身男女,7.7,3583,9522
66216,孤岛惊魂,6.3,2569,8901
360,杨善洲,4.5,299,8320
59305,战国,3.6,4752,7599
68836,东成西就2011,5.9,4770,7497
831,赛车总动员2,8.2,4282,7502
177,惊天战神,6.1,3047,7362
32,亲密敌人,7.0,4038,11029
373,观音山,7.3,2506,6994
40499,源代码,8.5,4225,6779
78572,飞天,3.0,36,6572
60710,我知女人心,7.1,2854,6535
625,美国队长,8.4,3077,6871
61482,动物总动员,6.2,1801,6343
767,绿灯侠,7.4,3336,6318
46,最爱,7.5,3370,5825
711,天际浩劫,7.0,1880,5714
304,全球热恋,7.5,2875,5818
200,神奇侠侣,6.5,2371,5052
45336,美少女特攻队,5.9,2199,4630
61704,熊猫总动员,3.1,2692,4563
735,永无止境,8.2,2000,4500
54491,狂暴飞车,5.5,1836,4905
572,赛尔号大电影之寻找凤凰神兽,7.4,2825,4397
66031,大武生,7.0,2265,4247
61356,辛亥革命,5.9,464,5005
170,女巫季节,6.6,1395,3804
1017,驱魔者,5.6,1886,3600
31,倾城之泪,7.5,2412,4397
60352,杨门女将之军令如山,3.2,2111,3488
236,雪花秘扇,6.9,1768,3459
66033,寻龙夺宝,3.5,1677,3211
185,赤焰战场,8.2,1233,3142
493,假装情侣,7.3,1370,3090
33622,战略特勤组,7.7,545,2961
244,幸福额度,7.5,1374,2907
53834,宇宙英雄之超银河传说,6.7,1404,2897
65427,我爱HK 开心万岁,7.0,1063,2891
78563,名侦探柯南：沉默的15分钟,8.1,1778,2768
630,洛克王国之圣龙骑士,8.0,1005,2707
168,海洋,9.0,215,2675
411,B+侦探,6.9,1071,2502
52736,危情三日,7.8,981,2339
45,硬汉2：奉陪到底,6.4,953,2326
44,整编特工,6.4,1466,2324
55044,刀见笑,5.5,1256,2231
68022,无价之宝,3.4,855,2190
616,终极快递,6.6,862,2116
78567,巴黎宝贝,6.0,1022,2115
41,深海之战,5.5,1535,2104
26,开心魔法,4.7,964,2003
59653,不再让你孤单,6.7,701,1997
350,郭明义,2.6,暂无,1904
60263,守望者：罪恶迷途,6.4,1062,1781
33930,魔法奇幻秀,6.9,729,1768
694,摩尔庄园冰世纪,5.1,1039,1738
61749,夺命心跳,4.8,854,1613
78884,五月天追梦,7.2,300,2326
760,兔侠传奇,5.2,1197,1558
28237,激战运钞车,6.7,1011,1538
436,丛林有情狼,7.6,729,1509
245,密室之不可靠岸,6.5,840,1499
67301,B区32号,2.3,707,1486
70798,床下有人,6.2,668,1482
223,星空,8.1,980,1506
65132,隐婚男女,5.4,802,1402
69728,超能游戏者,5.1,650,1393
43,三傻大闹宝莱坞,9.1,742,1398
461,精英部队2：大敌当前,7.3,914,1291
78571,肩上蝶,5.2,722,1266
33,极速天使,5.1,1477,2446
49217,爱到底,5.9,766,1146
78582,大人物,4.2,537,1069
68261,致命请柬,2.5,489,1031
341590,午夜邂逅,6.8,2,4
78468,巨额交易,7.0,392,915
78570,回马枪,4.4,503,903
246,梦游,5.5,542,894
44528,一夜迷情,7.0,432,885
29,遍地狼烟,6.1,423,877
40630,迷踪：第九鹰团,6.0,404,857
68635,夜惊魂,3.5,266,836
713,午夜凶梦,6.2,567,914
58796,迷途追凶,5.6,594,805
47916,双重身份,4.0,555,775
50135,不明身份,6.7,684,767
326,孤胆特工,8.4,363,844
245879,无极限之危情速递,3.2,349,757
68890,紫宅,4.1,158,1045
65684,男得有爱,4.7,259,707
716,李献计历险记,6.9,129,822
345,戒烟不戒酒,6.1,378,691
215,一夜未了情,5.3,348,684
300,钢的琴,8.2,10,657
34,梦宅诡影,6.4,875,1782
64573,翻滚吧！阿信,8.2,350,619
49553,一路有你,5.7,222,665
50899,奇袭60阵地,7.3,343,570
665,奋斗,5.1,220,567
69055,与时尚同居,5.6,241,562
52305,歼十出击,4.2,186,532
65631,我们约会吧,4.3,156,523
65844,宅男总动员,3.3,227,509
69284,水落石出,2.2,239,505
72114,追爱,6.3,261,490
70341,像小强一样活着,5.5,139,463
61625,万有引力,7.0,294,439
69923,夏日乐悠悠,7.7,105,432
30068,黄沙武士,5.1,368,435
266,速度与激情,6.7,4009,14453
78371,转山,7.9,229,433
25942,亚瑟3：终极对决,,162,665
459,舞力对决,7.0,284,398
695,不怕贼惦记,4.8,215,387
62237,房不剩防,5.6,277,377
914,恋爱恐慌症,8.2,213,377
68394,鸡妈鸭仔,6.6,97,354
542,爱封了,,239,352
78568,热浪球爱战,4.7,165,344
59335,前度,8.0,110,397
71678,嘿店,5.2,160,333
540,恋人絮语,6.3,暂无,374
69057,恐龙宝贝,2.7,185,326
68590,开心家族,8.5,222,322
78569,蛋炒饭,6.8,164,320
42564,黑暗终结者,3.5,262,315
46776,再吻我一次,6.8,145,307
60121,魁拔之十万火急,8.8,131,499
78573,秋之白华,6.6,77,324
63817,劳拉的星星在中国,5.1,166,301
39,深度谜案,6.9,584,1857
61670,跟踪孔令学,6.3,81,268
31529,疾速行动,5.8,55,267
37,玩命狙击,3.1,405,768
691,挪威的森林,7.1,140,276
710,敏感事件,5.8,182,229
61325,午夜心跳,3.1,1777,2117
246093,Hello！树先生,6.9,173,221
78581,囧探佳人,4.4,172,209
69545,西柏坡,2.6,13,240
931,窃听风云,8.0,8910,8836
19,赵氏孤儿,7.3,19390,18203
196,老夫子之小水虎传奇,4.8,135,176
65450,幸福卡片,5.4,117,159
61677,岁岁清明,5.9,40,155
64996,绑架冰激凌,4.6,62,189
69573,赛车传奇,3.9,96,159
65794,惊沙,5.9,37,150
78577,湘江北去,3.9,14,136
78561,夏日恋神马,4.2,104,137
246927,芳香之城传奇,7.0,119,133
67523,藏獒多吉,7.5,75,148
947,光棍终结者,4.2,100,118
30,新月魅影,2.6,93,117
256444,侠盗石川,7.4,80,108
68968,无底洞,6.6,52,115
42,婚前试爱,6.4,60,103
807,闯堂兔,4.5,31,99
78564,堵车,2.7,71,88
66425,鸡排英雄,6.8,79,92
70014,左利军,,暂无,99
71079,英雄喋血,5.6,46,88
69091,乌鲁木齐的天空,6.2,3,86
327169,功夫熊猫之师父的秘密,7.2,,
501,少年岳飞传奇,4.9,5,133
61287,蔡李佛拳,3.0,50,72
36,双人床条约,5.4,91,165
248659,失控,7.0,31,60
917,哈利·波特与死亡圣器（上),8.7,8894,21055
69214,你是哪里人,4.7,33,63
245983,大笑江湖,6.6,15094,15153
78576,谁主沉浮,4.5,暂无,63
38,2012来了,3.9,115,233
737,竞雄女侠秋瑾,6.3,42,60
450,篮球小皇帝,8.2,暂无,74
124651,大太阳,7.0,,
78575,一路惊心,5.6,44,49
78467,极速先锋,7.0,29,48
65211,幸存日,6.2,30,46
65232,我的少女时代,4.2,暂无,308
65937,炫舞天鹅,4.8,21,40
340973,云下的日子,7.0,31,41
60637,古宝奇缘,5.0,24,49
59390,守护童年,5.1,3,35
62425,无界之地,2.9,18,26
757,琴动我心,4.8,3,27
323760,蛇咒,2.1,暂无,339
1049,寻找成龙,4.3,1750,1467
52781,对岸的战争,6.9,暂无,105
78574,先驱者,2.3,1,63
795,派饭,6.0,,
770,星海,6.9,7,34
70018,北川重生,4.7,暂无,37
78303,上学路上,7.7,300,18
78631,智取威虎山,9.2,32088,88198
66395,回忆之前，忘记之后,4.6,暂无,35
32183,真水无香,5.5,暂无,29
248487,天赐,7.0,3,16
31026,重来,5.3,11,14
180,唐山大地震,8.3,64988,65009
50415,杂技小精灵,4.6,暂无,145
79146,第一书记,6.1,1565,1579
18,孔子,5.1,9896,9946
64673,替身传奇乐翻天,4.9,暂无,480
68636,甲天下,4.1,2,13
712,完美的爱,4.4,4,18
342450,特警英雄,5.0,暂无,11
78579,亲亲我,4.6,10,10
709,长江7号爱地球,5.8,1990,2001
66799,悠悠风铃声,,暂无,11
248109,西藏往事,7.0,8,12
283,葫芦兄弟,7.6,暂无,769
78580,百年情书,6.7,5,11
789,建国大业,7.9,42000,39327
67674,医生的假日,,5,52
70012,传奇将军赵尚志,3.9,暂无,16
54620,白方礼,8.2,暂无,207
65497,消失的村庄,6.9,6,8
69451,大震撼,2.1,5,10
874,名侦探柯南：漆黑的追踪者,8.4,暂无,937
811,猫头鹰王国：守卫者传奇,7.5,暂无,2998
68739,清风亭,,3,7
61781,李小龙我的兄弟,6.2,1289,1296
800,虎王归来,4.4,555,562
247377,喋血孤城,7.0,暂无,311
207,宝葫芦的秘密,6.2,暂无,71
72793,蓝色的七星湖,4.1,暂无,17
61823,西游新传,5.4,177,183
405,生化危机4：战神再生,8.2,13549,13553
163,阿童木,7.0,暂无,4660
328048,杨闇公,,,
78578,绝代-末代女土司,4.8,3,7
70013,吴大观,,,
3286,一路上有你,8.4,332,1825
78566,第一大总统,5.0,3,5
176,麦兜响当当,6.4,7520,8780
40891,波西·杰克逊与神火之盗,5.6,暂无,2934
68264,站起来,6.5,1,8
64616,功夫·咏春,5.3,705,723
69920,北角,6.1,2,9
51082,小城大爱,6.2,暂无,23
78559,郎在对门唱山歌,6.7,暂无,5
70016,守望天山,4.2,暂无,8
70010,通道转兵,2.3,2,1606
20428,日本沉没,6.2,,
248527,脊梁,7.0,暂无,11
68288,不要和他约会,3.4,,
328671,幸福的白天鹅,,,
78936,金色记忆,7.0,暂无,12
67271,黑客悲情,3.1,2,2
62438,康定情歌,5.9,972,974
341990,我和红七军,7.0,暂无,507
67648,百合,6.4,2,3
29646,火线特攻,6.3,748,751
325773,哥的传说,6.0,暂无,4
66341,犹太女孩在上海,4.1,暂无,34
